incident_id,incident_type,baseline_rank,simulated_rank,rank_change,baseline_score,simulated_score,score_delta,baseline_risk_level,simulated_risk_level,risk_level_changed,baseline_dominant_factors,simulated_dominant_factors,dominant_factors_changed,scenario_name
INC-0021,Multi-stage Attack,1,1,0,90.2,90.2,0.0,CRITICAL,CRITICAL,False,business_impact | asset_importance | severity,business_impact | asset_importance | severity,False,baseline
INC-0001,Data Exfiltration,2,2,0,89.5,89.5,0.0,CRITICAL,CRITICAL,False,severity | business_impact | asset_importance,severity | business_impact | asset_importance,False,baseline
INC-0028,Data Exfiltration,3,3,0,86.55,86.55,0.0,CRITICAL,CRITICAL,False,severity | business_impact | asset_importance,severity | business_impact | asset_importance,False,baseline
INC-0058,Multi-stage Attack,4,4,0,85.95,85.95,0.0,CRITICAL,CRITICAL,False,severity | business_impact | asset_importance,severity | business_impact | asset_importance,False,baseline
INC-0033,Ransomware Outbreak,5,5,0,79.45,79.45,0.0,CRITICAL,CRITICAL,False,severity | business_impact | asset_importance,severity | business_impact | asset_importance,False,baseline
INC-0066,Data Exfiltration,6,6,0,78.85,78.85,0.0,CRITICAL,CRITICAL,False,severity | business_impact | asset_importance,severity | business_impact | asset_importance,False,baseline
INC-0012,Multi-stage Attack,7,7,0,78.84,78.84,0.0,CRITICAL,CRITICAL,False,severity | business_impact | asset_importance,severity | business_impact | asset_importance,False,baseline
INC-0045,DDoS Attack,8,8,0,78.34,78.34,0.0,CRITICAL,CRITICAL,False,asset_importance | severity | business_impact,asset_importance | severity | business_impact,False,baseline
INC-0042,Malware Infection,9,9,0,76.0,76.0,0.0,CRITICAL,CRITICAL,False,business_impact | asset_importance | data_sensitivity,business_impact | asset_importance | data_sensitivity,False,baseline
INC-0008,Unauthorized Access Event,10,10,0,74.35,74.35,0.0,HIGH,HIGH,False,business_impact | asset_importance | data_sensitivity,business_impact | asset_importance | data_sensitivity,False,baseline
INC-0026,Malware Infection,11,11,0,74.3,74.3,0.0,HIGH,HIGH,False,business_impact | asset_importance | data_sensitivity,business_impact | asset_importance | data_sensitivity,False,baseline
INC-0073,Successful Login Event,12,12,0,72.6,72.6,0.0,HIGH,HIGH,False,business_impact | asset_importance | data_sensitivity,business_impact | asset_importance | data_sensitivity,False,baseline
INC-0031,Failed Login Event,13,13,0,72.3,72.3,0.0,HIGH,HIGH,False,business_impact | asset_importance | data_sensitivity,business_impact | asset_importance | data_sensitivity,False,baseline
INC-0017,Suspicious DNS Event,14,14,0,72.05,72.05,0.0,HIGH,HIGH,False,business_impact | asset_importance | data_sensitivity,business_impact | asset_importance | data_sensitivity,False,baseline
INC-0098,Malware Infection,15,15,0,71.35,71.35,0.0,HIGH,HIGH,False,business_impact | asset_importance | data_sensitivity,business_impact | asset_importance | data_sensitivity,False,baseline
INC-0054,Suspicious Email Event,16,16,0,71.25,71.25,0.0,HIGH,HIGH,False,business_impact | asset_importance | data_sensitivity,business_impact | asset_importance | data_sensitivity,False,baseline
INC-0096,Malware Infection,17,17,0,70.15,70.15,0.0,HIGH,HIGH,False,asset_importance | business_impact | data_sensitivity,asset_importance | business_impact | data_sensitivity,False,baseline
INC-0059,Command and Control Event,18,18,0,68.7,68.7,0.0,HIGH,HIGH,False,asset_importance | business_impact | data_sensitivity,asset_importance | business_impact | data_sensitivity,False,baseline
INC-0107,Suspicious Email Event,19,19,0,68.1,68.1,0.0,HIGH,HIGH,False,asset_importance | business_impact | data_sensitivity,asset_importance | business_impact | data_sensitivity,False,baseline
INC-0002,Suspicious DNS Event,20,20,0,67.65,67.65,0.0,HIGH,HIGH,False,asset_importance | business_impact | data_sensitivity,asset_importance | business_impact | data_sensitivity,False,baseline
INC-0047,Malware Infection,21,21,0,66.9,66.9,0.0,HIGH,HIGH,False,business_impact | asset_importance | data_sensitivity,business_impact | asset_importance | data_sensitivity,False,baseline
INC-0050,Malware Infection,22,22,0,65.25,65.25,0.0,HIGH,HIGH,False,asset_importance | business_impact | attack_confidence,asset_importance | business_impact | attack_confidence,False,baseline
INC-0099,Port Scan Event,23,23,0,64.8,64.8,0.0,HIGH,HIGH,False,asset_importance | business_impact | data_sensitivity,asset_importance | business_impact | data_sensitivity,False,baseline
INC-0110,Port Scan Event,24,24,0,64.7,64.7,0.0,HIGH,HIGH,False,asset_importance | business_impact | data_sensitivity,asset_importance | business_impact | data_sensitivity,False,baseline
INC-0011,Suspicious DNS Event,25,25,0,64.35,64.35,0.0,HIGH,HIGH,False,asset_importance | business_impact | data_sensitivity,asset_importance | business_impact | data_sensitivity,False,baseline
INC-0037,Unauthorized Access Event,26,26,0,63.89,63.89,0.0,HIGH,HIGH,False,asset_importance | business_impact | data_sensitivity,asset_importance | business_impact | data_sensitivity,False,baseline
INC-0087,Malware Infection,27,27,0,63.15,63.15,0.0,HIGH,HIGH,False,asset_importance | business_impact | data_sensitivity,asset_importance | business_impact | data_sensitivity,False,baseline
INC-0069,Port Scan Event,28,28,0,62.0,62.0,0.0,HIGH,HIGH,False,asset_importance | business_impact | data_sensitivity,asset_importance | business_impact | data_sensitivity,False,baseline
INC-0093,Suspicious Email Event,29,29,0,61.95,61.95,0.0,HIGH,HIGH,False,asset_importance | business_impact | data_sensitivity,asset_importance | business_impact | data_sensitivity,False,baseline
INC-0095,Suspicious Email Event,30,30,0,61.45,61.45,0.0,HIGH,HIGH,False,asset_importance | business_impact | data_sensitivity,asset_importance | business_impact | data_sensitivity,False,baseline
INC-0015,Unauthorized Access Event,31,31,0,61.4,61.4,0.0,HIGH,HIGH,False,asset_importance | business_impact | attack_confidence,asset_importance | business_impact | attack_confidence,False,baseline
INC-0081,Unauthorized Access Event,32,32,0,61.4,61.4,0.0,HIGH,HIGH,False,asset_importance | business_impact | data_sensitivity,asset_importance | business_impact | data_sensitivity,False,baseline
INC-0074,Unauthorized Access Event,33,33,0,61.05,61.05,0.0,HIGH,HIGH,False,asset_importance | business_impact | data_sensitivity,asset_importance | business_impact | data_sensitivity,False,baseline
INC-0032,Suspicious DNS Event,34,34,0,60.75,60.75,0.0,HIGH,HIGH,False,asset_importance | business_impact | data_sensitivity,asset_importance | business_impact | data_sensitivity,False,baseline
INC-0009,Unauthorized Access Event,35,35,0,60.65,60.65,0.0,HIGH,HIGH,False,business_impact | asset_importance | data_sensitivity,business_impact | asset_importance | data_sensitivity,False,baseline
INC-0109,Suspicious DNS Event,36,36,0,60.65,60.65,0.0,HIGH,HIGH,False,business_impact | asset_importance | data_sensitivity,business_impact | asset_importance | data_sensitivity,False,baseline
INC-0035,Failed Login Event,37,37,0,60.6,60.6,0.0,HIGH,HIGH,False,asset_importance | business_impact | attack_confidence,asset_importance | business_impact | attack_confidence,False,baseline
INC-0056,Failed Login Event,38,38,0,60.5,60.5,0.0,HIGH,HIGH,False,asset_importance | business_impact | data_sensitivity,asset_importance | business_impact | data_sensitivity,False,baseline
INC-0077,Command and Control Event,39,39,0,60.2,60.2,0.0,HIGH,HIGH,False,asset_importance | business_impact | data_sensitivity,asset_importance | business_impact | data_sensitivity,False,baseline
INC-0022,Command and Control Event,40,40,0,59.95,59.95,0.0,HIGH,HIGH,False,asset_importance | business_impact | data_sensitivity,asset_importance | business_impact | data_sensitivity,False,baseline
INC-0063,Command and Control Event,41,41,0,59.95,59.95,0.0,HIGH,HIGH,False,asset_importance | business_impact | data_sensitivity,asset_importance | business_impact | data_sensitivity,False,baseline
INC-0036,Successful Login Event,42,42,0,59.75,59.75,0.0,HIGH,HIGH,False,asset_importance | business_impact | attack_confidence,asset_importance | business_impact | attack_confidence,False,baseline
INC-0007,Failed Login Event,43,43,0,59.6,59.6,0.0,HIGH,HIGH,False,asset_importance | business_impact | attack_confidence,asset_importance | business_impact | attack_confidence,False,baseline
INC-0088,Malware Infection,44,44,0,59.2,59.2,0.0,HIGH,HIGH,False,asset_importance | business_impact | attack_confidence,asset_importance | business_impact | attack_confidence,False,baseline
INC-0106,Failed Login Event,45,45,0,56.85,56.85,0.0,HIGH,HIGH,False,asset_importance | business_impact | data_sensitivity,asset_importance | business_impact | data_sensitivity,False,baseline
INC-0013,Unauthorized Access Event,46,46,0,56.4,56.4,0.0,HIGH,HIGH,False,asset_importance | business_impact | data_sensitivity,asset_importance | business_impact | data_sensitivity,False,baseline
INC-0108,Suspicious Email Event,47,47,0,55.35,55.35,0.0,HIGH,HIGH,False,asset_importance | business_impact | data_sensitivity,asset_importance | business_impact | data_sensitivity,False,baseline
INC-0085,Malware Infection,48,48,0,52.9,52.9,0.0,HIGH,HIGH,False,attack_confidence | business_impact | asset_importance,attack_confidence | business_impact | asset_importance,False,baseline
INC-0039,Suspicious DNS Event,49,49,0,48.75,48.75,0.0,MEDIUM,MEDIUM,False,business_impact | asset_importance | data_sensitivity,business_impact | asset_importance | data_sensitivity,False,baseline
INC-0103,Failed Login Event,50,50,0,47.15,47.15,0.0,MEDIUM,MEDIUM,False,business_impact | asset_importance | attack_confidence,business_impact | asset_importance | attack_confidence,False,baseline
INC-0101,Malware Infection,51,51,0,46.9,46.9,0.0,MEDIUM,MEDIUM,False,attack_confidence | business_impact | asset_importance,attack_confidence | business_impact | asset_importance,False,baseline
INC-0070,Unauthorized Access Event,52,52,0,45.9,45.9,0.0,MEDIUM,MEDIUM,False,asset_importance | business_impact | attack_confidence,asset_importance | business_impact | attack_confidence,False,baseline
INC-0090,Unauthorized Access Event,53,53,0,45.9,45.9,0.0,MEDIUM,MEDIUM,False,business_impact | asset_importance | attack_confidence,business_impact | asset_importance | attack_confidence,False,baseline
INC-0094,Unauthorized Access Event,54,54,0,44.2,44.2,0.0,MEDIUM,MEDIUM,False,attack_confidence | business_impact | asset_importance,attack_confidence | business_impact | asset_importance,False,baseline
INC-0065,Malware Infection,55,55,0,44.05,44.05,0.0,MEDIUM,MEDIUM,False,attack_confidence | asset_importance | business_impact,attack_confidence | asset_importance | business_impact,False,baseline
INC-0072,Suspicious DNS Event,56,56,0,43.65,43.65,0.0,MEDIUM,MEDIUM,False,attack_confidence | business_impact | asset_importance,attack_confidence | business_impact | asset_importance,False,baseline
INC-0091,Successful Login Event,57,57,0,42.6,42.6,0.0,MEDIUM,MEDIUM,False,attack_confidence | business_impact | asset_importance,attack_confidence | business_impact | asset_importance,False,baseline
INC-0053,Suspicious Email Event,58,58,0,42.4,42.4,0.0,MEDIUM,MEDIUM,False,attack_confidence | business_impact | asset_importance,attack_confidence | business_impact | asset_importance,False,baseline
INC-0105,Malware Infection,59,59,0,42.35,42.35,0.0,MEDIUM,MEDIUM,False,attack_confidence | asset_importance | business_impact,attack_confidence | asset_importance | business_impact,False,baseline
INC-0075,Port Scan Event,60,60,0,41.2,41.2,0.0,MEDIUM,MEDIUM,False,attack_confidence | business_impact | asset_importance,attack_confidence | business_impact | asset_importance,False,baseline
INC-0097,Suspicious Email Event,61,61,0,38.6,38.6,0.0,MEDIUM,MEDIUM,False,business_impact | asset_importance | attack_confidence,business_impact | asset_importance | attack_confidence,False,baseline
INC-0111,Malware Infection,62,62,0,37.68,37.68,0.0,MEDIUM,MEDIUM,False,attack_confidence | severity | business_impact,attack_confidence | severity | business_impact,False,baseline
INC-0062,Suspicious DNS Event,63,63,0,37.35,37.35,0.0,MEDIUM,MEDIUM,False,attack_confidence | asset_importance | business_impact,attack_confidence | asset_importance | business_impact,False,baseline
INC-0100,Malware Infection,64,64,0,34.81,34.81,0.0,MEDIUM,MEDIUM,False,attack_confidence | asset_importance | severity,attack_confidence | asset_importance | severity,False,baseline
INC-0080,Port Scan Event,65,65,0,33.95,33.95,0.0,MEDIUM,MEDIUM,False,attack_confidence | asset_importance | business_impact,attack_confidence | asset_importance | business_impact,False,baseline
INC-0018,Failed Login Event,66,66,0,32.65,32.65,0.0,MEDIUM,MEDIUM,False,attack_confidence | severity | business_impact,attack_confidence | severity | business_impact,False,baseline
INC-0020,Successful Login Event,67,67,0,32.31,32.31,0.0,MEDIUM,MEDIUM,False,attack_confidence | asset_importance | business_impact,attack_confidence | asset_importance | business_impact,False,baseline
INC-0030,Malware Infection,68,68,0,31.8,31.8,0.0,MEDIUM,MEDIUM,False,attack_confidence | severity | asset_importance,attack_confidence | severity | asset_importance,False,baseline
INC-0079,Malware Infection,69,69,0,31.36,31.36,0.0,MEDIUM,MEDIUM,False,attack_confidence | severity | asset_importance,attack_confidence | severity | asset_importance,False,baseline
INC-0040,Malware Infection,70,70,0,31.32,31.32,0.0,MEDIUM,MEDIUM,False,attack_confidence | severity | business_impact,attack_confidence | severity | business_impact,False,baseline
INC-0005,Successful Login Event,71,71,0,31.28,31.28,0.0,MEDIUM,MEDIUM,False,attack_confidence | asset_importance | business_impact,attack_confidence | asset_importance | business_impact,False,baseline
INC-0016,Malware Infection,72,72,0,31.15,31.15,0.0,MEDIUM,MEDIUM,False,attack_confidence | severity | asset_importance,attack_confidence | severity | asset_importance,False,baseline
INC-0038,Suspicious DNS Event,73,73,0,31.12,31.12,0.0,MEDIUM,MEDIUM,False,attack_confidence | severity | asset_importance,attack_confidence | severity | asset_importance,False,baseline
INC-0041,Successful Login Event,74,74,0,30.31,30.31,0.0,MEDIUM,MEDIUM,False,attack_confidence | asset_importance | business_impact,attack_confidence | asset_importance | business_impact,False,baseline
INC-0067,Command and Control Event,75,75,0,30.15,30.15,0.0,MEDIUM,MEDIUM,False,severity | attack_confidence | asset_importance,severity | attack_confidence | asset_importance,False,baseline
INC-0064,Command and Control Event,76,76,0,30.02,30.02,0.0,MEDIUM,MEDIUM,False,severity | attack_confidence | business_impact,severity | attack_confidence | business_impact,False,baseline
INC-0025,Malware Infection,77,77,0,29.95,29.95,0.0,MEDIUM,MEDIUM,False,attack_confidence | severity | asset_importance,attack_confidence | severity | asset_importance,False,baseline
INC-0078,Failed Login Event,78,78,0,29.9,29.9,0.0,MEDIUM,MEDIUM,False,attack_confidence | severity | asset_importance,attack_confidence | severity | asset_importance,False,baseline
INC-0068,Suspicious Email Event,79,79,0,29.86,29.86,0.0,MEDIUM,MEDIUM,False,attack_confidence | asset_importance | business_impact,attack_confidence | asset_importance | business_impact,False,baseline
INC-0061,Malware Infection,80,80,0,29.72,29.72,0.0,MEDIUM,MEDIUM,False,attack_confidence | severity | business_impact,attack_confidence | severity | business_impact,False,baseline
INC-0086,Successful Login Event,81,81,0,29.68,29.68,0.0,MEDIUM,MEDIUM,False,attack_confidence | asset_importance | business_impact,attack_confidence | asset_importance | business_impact,False,baseline
INC-0027,Malware Infection,82,82,0,29.65,29.65,0.0,MEDIUM,MEDIUM,False,attack_confidence | severity | asset_importance,attack_confidence | severity | asset_importance,False,baseline
INC-0044,Successful Login Event,83,83,0,29.5,29.5,0.0,MEDIUM,MEDIUM,False,attack_confidence | asset_importance | business_impact,attack_confidence | asset_importance | business_impact,False,baseline
INC-0083,Suspicious DNS Event,84,84,0,29.05,29.05,0.0,MEDIUM,MEDIUM,False,attack_confidence | severity | asset_importance,attack_confidence | severity | asset_importance,False,baseline
INC-0046,Malware Infection,85,85,0,28.85,28.85,0.0,MEDIUM,MEDIUM,False,attack_confidence | severity | asset_importance,attack_confidence | severity | asset_importance,False,baseline
INC-0024,Command and Control Event,86,86,0,28.34,28.34,0.0,MEDIUM,MEDIUM,False,attack_confidence | severity | asset_importance,attack_confidence | severity | asset_importance,False,baseline
INC-0104,Suspicious Email Event,87,87,0,28.32,28.32,0.0,MEDIUM,MEDIUM,False,attack_confidence | asset_importance | severity,attack_confidence | asset_importance | severity,False,baseline
INC-0092,Unauthorized Access Event,88,88,0,28.22,28.22,0.0,MEDIUM,MEDIUM,False,attack_confidence | severity | asset_importance,attack_confidence | severity | asset_importance,False,baseline
INC-0048,Failed Login Event,89,89,0,27.88,27.88,0.0,MEDIUM,MEDIUM,False,attack_confidence | asset_importance | business_impact,attack_confidence | asset_importance | business_impact,False,baseline
INC-0076,Command and Control Event,90,90,0,27.81,27.81,0.0,MEDIUM,MEDIUM,False,attack_confidence | severity | asset_importance,attack_confidence | severity | asset_importance,False,baseline
INC-0071,Malware Infection,91,91,0,27.77,27.77,0.0,MEDIUM,MEDIUM,False,attack_confidence | asset_importance | business_impact,attack_confidence | asset_importance | business_impact,False,baseline
INC-0051,Suspicious Email Event,92,92,0,27.12,27.12,0.0,MEDIUM,MEDIUM,False,attack_confidence | severity | business_impact,attack_confidence | severity | business_impact,False,baseline
INC-0084,Port Scan Event,93,93,0,26.77,26.77,0.0,MEDIUM,MEDIUM,False,attack_confidence | asset_importance | business_impact,attack_confidence | asset_importance | business_impact,False,baseline
INC-0055,Suspicious Email Event,94,94,0,26.68,26.68,0.0,MEDIUM,MEDIUM,False,attack_confidence | asset_importance | business_impact,attack_confidence | asset_importance | business_impact,False,baseline
INC-0019,Suspicious Email Event,95,95,0,26.67,26.67,0.0,MEDIUM,MEDIUM,False,attack_confidence | asset_importance | business_impact,attack_confidence | asset_importance | business_impact,False,baseline
INC-0043,Successful Login Event,96,96,0,26.6,26.6,0.0,MEDIUM,MEDIUM,False,attack_confidence | asset_importance | business_impact,attack_confidence | asset_importance | business_impact,False,baseline
INC-0006,Malware Infection,97,97,0,26.25,26.25,0.0,MEDIUM,MEDIUM,False,attack_confidence | severity | asset_importance,attack_confidence | severity | asset_importance,False,baseline
INC-0023,Malware Infection,98,98,0,26.07,26.07,0.0,MEDIUM,MEDIUM,False,attack_confidence | asset_importance | severity,attack_confidence | asset_importance | severity,False,baseline
INC-0029,Port Scan Event,99,99,0,26.02,26.02,0.0,MEDIUM,MEDIUM,False,attack_confidence | asset_importance | business_impact,attack_confidence | asset_importance | business_impact,False,baseline
INC-0060,Unauthorized Access Event,100,100,0,25.8,25.8,0.0,MEDIUM,MEDIUM,False,attack_confidence | severity | asset_importance,attack_confidence | severity | asset_importance,False,baseline
INC-0102,Command and Control Event,101,101,0,25.7,25.7,0.0,MEDIUM,MEDIUM,False,attack_confidence | severity | asset_importance,attack_confidence | severity | asset_importance,False,baseline
INC-0003,Port Scan Event,102,102,0,25.68,25.68,0.0,MEDIUM,MEDIUM,False,attack_confidence | severity | asset_importance,attack_confidence | severity | asset_importance,False,baseline
INC-0057,Malware Infection,103,103,0,25.51,25.51,0.0,MEDIUM,MEDIUM,False,attack_confidence | severity | asset_importance,attack_confidence | severity | asset_importance,False,baseline
INC-0052,Port Scan Event,104,104,0,25.36,25.36,0.0,MEDIUM,MEDIUM,False,asset_importance | attack_confidence | business_impact,asset_importance | attack_confidence | business_impact,False,baseline
INC-0089,Suspicious Email Event,105,105,0,25.25,25.25,0.0,MEDIUM,MEDIUM,False,attack_confidence | severity | asset_importance,attack_confidence | severity | asset_importance,False,baseline
INC-0010,Suspicious Email Event,106,106,0,24.37,24.37,0.0,LOW,LOW,False,attack_confidence | business_impact | asset_importance,attack_confidence | business_impact | asset_importance,False,baseline
INC-0034,Malware Infection,107,107,0,23.9,23.9,0.0,LOW,LOW,False,attack_confidence | severity | asset_importance,attack_confidence | severity | asset_importance,False,baseline
INC-0049,Port Scan Event,108,108,0,22.48,22.48,0.0,LOW,LOW,False,attack_confidence | asset_importance | business_impact,attack_confidence | asset_importance | business_impact,False,baseline
INC-0082,Suspicious Email Event,109,109,0,22.4,22.4,0.0,LOW,LOW,False,attack_confidence | severity | asset_importance,attack_confidence | severity | asset_importance,False,baseline
INC-0004,Port Scan Event,110,110,0,22.06,22.06,0.0,LOW,LOW,False,attack_confidence | asset_importance | business_impact,attack_confidence | asset_importance | business_impact,False,baseline
INC-0014,Port Scan Event,111,111,0,21.55,21.55,0.0,LOW,LOW,False,attack_confidence | severity | asset_importance,attack_confidence | severity | asset_importance,False,baseline
INC-0021,Multi-stage Attack,1,1,0,90.2,76.91,-13.29,CRITICAL,CRITICAL,False,business_impact | asset_importance | severity,business_impact | asset_importance | data_sensitivity,True,user_impact_focus
INC-0001,Data Exfiltration,2,2,0,89.5,76.38,-13.12,CRITICAL,CRITICAL,False,severity | business_impact | asset_importance,data_sensitivity | attack_confidence | severity,True,user_impact_focus
INC-0028,Data Exfiltration,3,3,0,86.55,73.98,-12.57,CRITICAL,HIGH,True,severity | business_impact | asset_importance,attack_confidence | severity | data_sensitivity,True,user_impact_focus
INC-0058,Multi-stage Attack,4,4,0,85.95,73.53,-12.42,CRITICAL,HIGH,True,severity | business_impact | asset_importance,attack_confidence | data_sensitivity | severity,True,user_impact_focus
INC-0012,Multi-stage Attack,7,5,2,78.84,68.85,-9.99,CRITICAL,HIGH,True,severity | business_impact | asset_importance,attack_confidence | severity | data_sensitivity,True,user_impact_focus
INC-0033,Ransomware Outbreak,5,6,-1,79.45,68.28,-11.17,CRITICAL,HIGH,True,severity | business_impact | asset_importance,attack_confidence | severity | data_sensitivity,True,user_impact_focus
INC-0066,Data Exfiltration,6,7,-1,78.85,67.83,-11.02,CRITICAL,HIGH,True,severity | business_impact | asset_importance,attack_confidence | severity | data_sensitivity,True,user_impact_focus
INC-0045,DDoS Attack,8,8,0,78.34,67.72,-10.62,CRITICAL,HIGH,True,asset_importance | severity | business_impact,attack_confidence | asset_importance | severity,True,user_impact_focus
INC-0042,Malware Infection,9,9,0,76.0,65.81,-10.19,CRITICAL,HIGH,True,business_impact | asset_importance | data_sensitivity,business_impact | asset_importance | data_sensitivity,False,user_impact_focus
INC-0026,Malware Infection,11,10,1,74.3,64.53,-9.77,HIGH,HIGH,False,business_impact | asset_importance | data_sensitivity,data_sensitivity | attack_confidence | business_impact,True,user_impact_focus
INC-0008,Unauthorized Access Event,10,11,-1,74.35,63.71,-10.64,HIGH,HIGH,False,business_impact | asset_importance | data_sensitivity,business_impact | asset_importance | data_sensitivity,False,user_impact_focus
INC-0073,Successful Login Event,12,12,0,72.6,63.63,-8.97,HIGH,HIGH,False,business_impact | asset_importance | data_sensitivity,data_sensitivity | attack_confidence | business_impact,True,user_impact_focus
INC-0031,Failed Login Event,13,13,0,72.3,62.21,-10.09,HIGH,HIGH,False,business_impact | asset_importance | data_sensitivity,business_impact | asset_importance | data_sensitivity,False,user_impact_focus
INC-0098,Malware Infection,15,14,1,71.35,62.13,-9.22,HIGH,HIGH,False,business_impact | asset_importance | data_sensitivity,data_sensitivity | business_impact | asset_importance,True,user_impact_focus
INC-0017,Suspicious DNS Event,14,15,-1,72.05,61.91,-10.14,HIGH,HIGH,False,business_impact | asset_importance | data_sensitivity,business_impact | asset_importance | data_sensitivity,False,user_impact_focus
INC-0054,Suspicious Email Event,16,16,0,71.25,61.31,-9.94,HIGH,HIGH,False,business_impact | asset_importance | data_sensitivity,business_impact | asset_importance | data_sensitivity,False,user_impact_focus
INC-0096,Malware Infection,17,17,0,70.15,60.26,-9.89,HIGH,HIGH,False,asset_importance | business_impact | data_sensitivity,asset_importance | business_impact | data_sensitivity,False,user_impact_focus
INC-0107,Suspicious Email Event,19,18,1,68.1,58.76,-9.34,HIGH,HIGH,False,asset_importance | business_impact | data_sensitivity,asset_importance | business_impact | data_sensitivity,False,user_impact_focus
INC-0059,Command and Control Event,18,19,-1,68.7,58.61,-10.09,HIGH,HIGH,False,asset_importance | business_impact | data_sensitivity,asset_importance | business_impact | data_sensitivity,False,user_impact_focus
INC-0002,Suspicious DNS Event,20,20,0,67.65,58.61,-9.04,HIGH,HIGH,False,asset_importance | business_impact | data_sensitivity,asset_importance | business_impact | data_sensitivity,False,user_impact_focus
INC-0047,Malware Infection,21,21,0,66.9,57.63,-9.27,HIGH,HIGH,False,business_impact | asset_importance | data_sensitivity,data_sensitivity | business_impact | asset_importance,True,user_impact_focus
INC-0050,Malware Infection,22,22,0,65.25,56.66,-8.59,HIGH,HIGH,False,asset_importance | business_impact | attack_confidence,attack_confidence | asset_importance | business_impact,True,user_impact_focus
INC-0099,Port Scan Event,23,23,0,64.8,55.91,-8.89,HIGH,HIGH,False,asset_importance | business_impact | data_sensitivity,asset_importance | business_impact | data_sensitivity,False,user_impact_focus
INC-0037,Unauthorized Access Event,26,24,2,63.89,55.88,-8.01,HIGH,HIGH,False,asset_importance | business_impact | data_sensitivity,asset_importance | business_impact | data_sensitivity,False,user_impact_focus
INC-0011,Suspicious DNS Event,25,25,0,64.35,55.61,-8.74,HIGH,HIGH,False,asset_importance | business_impact | data_sensitivity,asset_importance | business_impact | data_sensitivity,False,user_impact_focus
INC-0110,Port Scan Event,24,26,-2,64.7,55.31,-9.39,HIGH,HIGH,False,asset_importance | business_impact | data_sensitivity,asset_importance | business_impact | data_sensitivity,False,user_impact_focus
INC-0087,Malware Infection,27,27,0,63.15,54.71,-8.44,HIGH,HIGH,False,asset_importance | business_impact | data_sensitivity,asset_importance | business_impact | data_sensitivity,False,user_impact_focus
INC-0093,Suspicious Email Event,29,28,1,61.95,53.81,-8.14,HIGH,HIGH,False,asset_importance | business_impact | data_sensitivity,asset_importance | business_impact | data_sensitivity,False,user_impact_focus
INC-0069,Port Scan Event,28,29,-1,62.0,53.51,-8.49,HIGH,HIGH,False,asset_importance | business_impact | data_sensitivity,asset_importance | business_impact | data_sensitivity,False,user_impact_focus
INC-0095,Suspicious Email Event,30,30,0,61.45,53.21,-8.24,HIGH,HIGH,False,asset_importance | business_impact | data_sensitivity,asset_importance | business_impact | data_sensitivity,False,user_impact_focus
INC-0081,Unauthorized Access Event,32,31,1,61.4,52.76,-8.64,HIGH,HIGH,False,asset_importance | business_impact | data_sensitivity,asset_importance | business_impact | data_sensitivity,False,user_impact_focus
INC-0074,Unauthorized Access Event,33,32,1,61.05,52.76,-8.29,HIGH,HIGH,False,asset_importance | business_impact | data_sensitivity,asset_importance | business_impact | data_sensitivity,False,user_impact_focus
INC-0056,Failed Login Event,38,33,5,60.5,52.76,-7.74,HIGH,HIGH,False,asset_importance | business_impact | data_sensitivity,asset_importance | business_impact | data_sensitivity,False,user_impact_focus
INC-0036,Successful Login Event,42,34,8,59.75,52.61,-7.14,HIGH,HIGH,False,asset_importance | business_impact | attack_confidence,attack_confidence | asset_importance | business_impact,True,user_impact_focus
INC-0015,Unauthorized Access Event,31,35,-4,61.4,52.46,-8.94,HIGH,HIGH,False,asset_importance | business_impact | attack_confidence,asset_importance | business_impact | attack_confidence,False,user_impact_focus
INC-0009,Unauthorized Access Event,35,36,-1,60.65,52.38,-8.27,HIGH,HIGH,False,business_impact | asset_importance | data_sensitivity,data_sensitivity | business_impact | asset_importance,True,user_impact_focus
INC-0109,Suspicious DNS Event,36,37,-1,60.65,52.38,-8.27,HIGH,HIGH,False,business_impact | asset_importance | data_sensitivity,data_sensitivity | business_impact | asset_importance,True,user_impact_focus
INC-0032,Suspicious DNS Event,34,38,-4,60.75,52.16,-8.59,HIGH,HIGH,False,asset_importance | business_impact | data_sensitivity,asset_importance | business_impact | data_sensitivity,False,user_impact_focus
INC-0035,Failed Login Event,37,39,-2,60.6,52.01,-8.59,HIGH,HIGH,False,asset_importance | business_impact | attack_confidence,asset_importance | business_impact | attack_confidence,False,user_impact_focus
INC-0007,Failed Login Event,43,40,3,59.6,51.86,-7.74,HIGH,HIGH,False,asset_importance | business_impact | attack_confidence,asset_importance | business_impact | attack_confidence,False,user_impact_focus
INC-0077,Command and Control Event,39,41,-2,60.2,51.41,-8.79,HIGH,HIGH,False,asset_importance | business_impact | data_sensitivity,asset_importance | business_impact | data_sensitivity,False,user_impact_focus
INC-0063,Command and Control Event,41,42,-1,59.95,51.11,-8.84,HIGH,HIGH,False,asset_importance | business_impact | data_sensitivity,asset_importance | business_impact | data_sensitivity,False,user_impact_focus
INC-0022,Command and Control Event,40,43,-3,59.95,50.96,-8.99,HIGH,HIGH,False,asset_importance | business_impact | data_sensitivity,asset_importance | business_impact | data_sensitivity,False,user_impact_focus
INC-0088,Malware Infection,44,44,0,59.2,50.21,-8.99,HIGH,HIGH,False,asset_importance | business_impact | attack_confidence,asset_importance | business_impact | attack_confidence,False,user_impact_focus
INC-0106,Failed Login Event,45,45,0,56.85,49.61,-7.24,HIGH,MEDIUM,True,asset_importance | business_impact | data_sensitivity,asset_importance | business_impact | data_sensitivity,False,user_impact_focus
INC-0013,Unauthorized Access Event,46,46,0,56.4,47.81,-8.59,HIGH,MEDIUM,True,asset_importance | business_impact | data_sensitivity,asset_importance | business_impact | data_sensitivity,False,user_impact_focus
INC-0108,Suspicious Email Event,47,47,0,55.35,47.51,-7.84,HIGH,MEDIUM,True,asset_importance | business_impact | data_sensitivity,asset_importance | business_impact | data_sensitivity,False,user_impact_focus
INC-0085,Malware Infection,48,48,0,52.9,46.91,-5.99,HIGH,MEDIUM,True,attack_confidence | business_impact | asset_importance,attack_confidence | business_impact | asset_importance,False,user_impact_focus
INC-0039,Suspicious DNS Event,49,49,0,48.75,42.71,-6.04,MEDIUM,MEDIUM,False,business_impact | asset_importance | data_sensitivity,business_impact | asset_importance | data_sensitivity,False,user_impact_focus
INC-0101,Malware Infection,51,50,1,46.9,41.81,-5.09,MEDIUM,MEDIUM,False,attack_confidence | business_impact | asset_importance,attack_confidence | data_sensitivity | business_impact,True,user_impact_focus
INC-0103,Failed Login Event,50,51,-1,47.15,41.81,-5.34,MEDIUM,MEDIUM,False,business_impact | asset_importance | attack_confidence,attack_confidence | business_impact | asset_importance,True,user_impact_focus
INC-0090,Unauthorized Access Event,53,52,1,45.9,40.46,-5.44,MEDIUM,MEDIUM,False,business_impact | asset_importance | attack_confidence,attack_confidence | data_sensitivity | business_impact,True,user_impact_focus
INC-0070,Unauthorized Access Event,52,53,-1,45.9,40.23,-5.67,MEDIUM,MEDIUM,False,asset_importance | business_impact | attack_confidence,attack_confidence | asset_importance | business_impact,True,user_impact_focus
INC-0065,Malware Infection,55,54,1,44.05,39.18,-4.87,MEDIUM,MEDIUM,False,attack_confidence | asset_importance | business_impact,attack_confidence | asset_importance | business_impact,False,user_impact_focus
INC-0094,Unauthorized Access Event,54,55,-1,44.2,39.11,-5.09,MEDIUM,MEDIUM,False,attack_confidence | business_impact | asset_importance,attack_confidence | data_sensitivity | business_impact,True,user_impact_focus
INC-0091,Successful Login Event,57,56,1,42.6,39.11,-3.49,MEDIUM,MEDIUM,False,attack_confidence | business_impact | asset_importance,attack_confidence | data_sensitivity | business_impact,True,user_impact_focus
INC-0072,Suspicious DNS Event,56,57,-1,43.65,38.81,-4.84,MEDIUM,MEDIUM,False,attack_confidence | business_impact | asset_importance,attack_confidence | data_sensitivity | business_impact,True,user_impact_focus
INC-0105,Malware Infection,59,58,1,42.35,38.06,-4.29,MEDIUM,MEDIUM,False,attack_confidence | asset_importance | business_impact,attack_confidence | asset_importance | business_impact,False,user_impact_focus
INC-0053,Suspicious Email Event,58,59,-1,42.4,38.06,-4.34,MEDIUM,MEDIUM,False,attack_confidence | business_impact | asset_importance,attack_confidence | data_sensitivity | business_impact,True,user_impact_focus
INC-0075,Port Scan Event,60,60,0,41.2,37.01,-4.19,MEDIUM,MEDIUM,False,attack_confidence | business_impact | asset_importance,attack_confidence | data_sensitivity | business_impact,True,user_impact_focus
INC-0111,Malware Infection,62,61,1,37.68,36.23,-1.45,MEDIUM,MEDIUM,False,attack_confidence | severity | business_impact,attack_confidence | severity | affected_users,True,user_impact_focus
INC-0097,Suspicious Email Event,61,62,-1,38.6,34.61,-3.99,MEDIUM,MEDIUM,False,business_impact | asset_importance | attack_confidence,attack_confidence | data_sensitivity | business_impact,True,user_impact_focus
INC-0062,Suspicious DNS Event,63,63,0,37.35,33.71,-3.64,MEDIUM,MEDIUM,False,attack_confidence | asset_importance | business_impact,attack_confidence | asset_importance | business_impact,False,user_impact_focus
INC-0100,Malware Infection,64,64,0,34.81,31.58,-3.23,MEDIUM,MEDIUM,False,attack_confidence | asset_importance | severity,attack_confidence | asset_importance | severity,False,user_impact_focus
INC-0080,Port Scan Event,65,65,0,33.95,31.01,-2.94,MEDIUM,MEDIUM,False,attack_confidence | asset_importance | business_impact,attack_confidence | asset_importance | business_impact,False,user_impact_focus
INC-0005,Successful Login Event,71,66,5,31.28,30.55,-0.73,MEDIUM,MEDIUM,False,attack_confidence | asset_importance | business_impact,attack_confidence | affected_users | asset_importance,True,user_impact_focus
INC-0018,Failed Login Event,66,67,-1,32.65,30.18,-2.47,MEDIUM,MEDIUM,False,attack_confidence | severity | business_impact,attack_confidence | data_sensitivity | severity,True,user_impact_focus
INC-0020,Successful Login Event,67,68,-1,32.31,30.08,-2.23,MEDIUM,MEDIUM,False,attack_confidence | asset_importance | business_impact,attack_confidence | asset_importance | business_impact,False,user_impact_focus
INC-0030,Malware Infection,68,69,-1,31.8,29.36,-2.44,MEDIUM,MEDIUM,False,attack_confidence | severity | asset_importance,attack_confidence | severity | affected_users,True,user_impact_focus
INC-0079,Malware Infection,69,70,-1,31.36,29.03,-2.33,MEDIUM,MEDIUM,False,attack_confidence | severity | asset_importance,attack_confidence | severity | asset_importance,False,user_impact_focus
INC-0040,Malware Infection,70,71,-1,31.32,28.92,-2.4,MEDIUM,MEDIUM,False,attack_confidence | severity | business_impact,attack_confidence | severity | data_sensitivity,True,user_impact_focus
INC-0041,Successful Login Event,74,72,2,30.31,28.43,-1.88,MEDIUM,MEDIUM,False,attack_confidence | asset_importance | business_impact,attack_confidence | asset_importance | business_impact,False,user_impact_focus
INC-0038,Suspicious DNS Event,73,73,0,31.12,28.4,-2.72,MEDIUM,MEDIUM,False,attack_confidence | severity | asset_importance,attack_confidence | severity | asset_importance,False,user_impact_focus
INC-0086,Successful Login Event,81,74,7,29.68,28.14,-1.54,MEDIUM,MEDIUM,False,attack_confidence | asset_importance | business_impact,attack_confidence | asset_importance | business_impact,False,user_impact_focus
INC-0025,Malware Infection,77,75,2,29.95,28.01,-1.94,MEDIUM,MEDIUM,False,attack_confidence | severity | asset_importance,attack_confidence | severity | affected_users,True,user_impact_focus
INC-0016,Malware Infection,72,76,-4,31.15,27.93,-3.22,MEDIUM,MEDIUM,False,attack_confidence | severity | asset_importance,attack_confidence | severity | asset_importance,False,user_impact_focus
INC-0044,Successful Login Event,83,77,6,29.5,27.93,-1.57,MEDIUM,MEDIUM,False,attack_confidence | asset_importance | business_impact,attack_confidence | asset_importance | business_impact,False,user_impact_focus
INC-0061,Malware Infection,80,78,2,29.72,27.57,-2.15,MEDIUM,MEDIUM,False,attack_confidence | severity | business_impact,attack_confidence | severity | data_sensitivity,True,user_impact_focus
INC-0078,Failed Login Event,78,79,-1,29.9,27.18,-2.72,MEDIUM,MEDIUM,False,attack_confidence | severity | asset_importance,attack_confidence | severity | asset_importance,False,user_impact_focus
INC-0064,Command and Control Event,76,80,-4,30.02,27.12,-2.9,MEDIUM,MEDIUM,False,severity | attack_confidence | business_impact,attack_confidence | severity | data_sensitivity,True,user_impact_focus
INC-0068,Suspicious Email Event,79,81,-2,29.86,27.08,-2.78,MEDIUM,MEDIUM,False,attack_confidence | asset_importance | business_impact,attack_confidence | asset_importance | business_impact,False,user_impact_focus
INC-0067,Command and Control Event,75,82,-7,30.15,26.88,-3.27,MEDIUM,MEDIUM,False,severity | attack_confidence | asset_importance,attack_confidence | severity | asset_importance,True,user_impact_focus
INC-0027,Malware Infection,82,83,-1,29.65,26.88,-2.77,MEDIUM,MEDIUM,False,attack_confidence | severity | asset_importance,attack_confidence | severity | asset_importance,False,user_impact_focus
INC-0046,Malware Infection,85,84,1,28.85,26.51,-2.34,MEDIUM,MEDIUM,False,attack_confidence | severity | asset_importance,attack_confidence | severity | asset_importance,False,user_impact_focus
INC-0083,Suspicious DNS Event,84,85,-1,29.05,26.43,-2.62,MEDIUM,MEDIUM,False,attack_confidence | severity | asset_importance,attack_confidence | severity | asset_importance,False,user_impact_focus
INC-0048,Failed Login Event,89,86,3,27.88,26.19,-1.69,MEDIUM,MEDIUM,False,attack_confidence | asset_importance | business_impact,attack_confidence | asset_importance | business_impact,False,user_impact_focus
INC-0104,Suspicious Email Event,87,87,0,28.32,26.0,-2.32,MEDIUM,MEDIUM,False,attack_confidence | asset_importance | severity,attack_confidence | asset_importance | severity,False,user_impact_focus
INC-0092,Unauthorized Access Event,88,88,0,28.22,25.92,-2.3,MEDIUM,MEDIUM,False,attack_confidence | severity | asset_importance,attack_confidence | severity | asset_importance,False,user_impact_focus
INC-0055,Suspicious Email Event,94,89,5,26.68,25.75,-0.93,MEDIUM,MEDIUM,False,attack_confidence | asset_importance | business_impact,attack_confidence | affected_users | asset_importance,True,user_impact_focus
INC-0024,Command and Control Event,86,90,-4,28.34,25.64,-2.7,MEDIUM,MEDIUM,False,attack_confidence | severity | asset_importance,attack_confidence | severity | asset_importance,False,user_impact_focus
INC-0043,Successful Login Event,96,91,5,26.6,25.61,-0.99,MEDIUM,MEDIUM,False,attack_confidence | asset_importance | business_impact,attack_confidence | asset_importance | business_impact,False,user_impact_focus
INC-0071,Malware Infection,91,92,-1,27.77,25.55,-2.22,MEDIUM,MEDIUM,False,attack_confidence | asset_importance | business_impact,attack_confidence | asset_importance | business_impact,False,user_impact_focus
INC-0076,Command and Control Event,90,93,-3,27.81,25.28,-2.53,MEDIUM,MEDIUM,False,attack_confidence | severity | asset_importance,attack_confidence | severity | asset_importance,False,user_impact_focus
INC-0051,Suspicious Email Event,92,94,-2,27.12,25.02,-2.1,MEDIUM,MEDIUM,False,attack_confidence | severity | business_impact,attack_confidence | severity | data_sensitivity,True,user_impact_focus
INC-0084,Port Scan Event,93,95,-2,26.77,24.95,-1.82,MEDIUM,LOW,True,attack_confidence | asset_importance | business_impact,attack_confidence | asset_importance | business_impact,False,user_impact_focus
INC-0019,Suspicious Email Event,95,96,-1,26.67,24.5,-2.17,MEDIUM,LOW,True,attack_confidence | asset_importance | business_impact,attack_confidence | asset_importance | business_impact,False,user_impact_focus
INC-0023,Malware Infection,98,97,1,26.07,24.27,-1.8,MEDIUM,LOW,True,attack_confidence | asset_importance | severity,attack_confidence | asset_importance | severity,False,user_impact_focus
INC-0029,Port Scan Event,99,98,1,26.02,24.27,-1.75,MEDIUM,LOW,True,attack_confidence | asset_importance | business_impact,attack_confidence | asset_importance | business_impact,False,user_impact_focus
INC-0006,Malware Infection,97,99,-2,26.25,24.18,-2.07,MEDIUM,LOW,True,attack_confidence | severity | asset_importance,attack_confidence | severity | affected_users,True,user_impact_focus
INC-0060,Unauthorized Access Event,100,100,0,25.8,23.81,-1.99,MEDIUM,LOW,True,attack_confidence | severity | asset_importance,attack_confidence | severity | asset_importance,False,user_impact_focus
INC-0089,Suspicious Email Event,105,101,4,25.25,23.66,-1.59,MEDIUM,LOW,True,attack_confidence | severity | asset_importance,attack_confidence | severity | affected_users,True,user_impact_focus
INC-0003,Port Scan Event,102,102,0,25.68,23.64,-2.04,MEDIUM,LOW,True,attack_confidence | severity | asset_importance,attack_confidence | severity | asset_importance,False,user_impact_focus
INC-0102,Command and Control Event,101,103,-2,25.7,23.51,-2.19,MEDIUM,LOW,True,attack_confidence | severity | asset_importance,attack_confidence | severity | asset_importance,False,user_impact_focus
INC-0057,Malware Infection,103,104,-1,25.51,23.48,-2.03,MEDIUM,LOW,True,attack_confidence | severity | asset_importance,attack_confidence | severity | asset_importance,False,user_impact_focus
INC-0010,Suspicious Email Event,106,105,1,24.37,22.77,-1.6,LOW,LOW,False,attack_confidence | business_impact | asset_importance,attack_confidence | data_sensitivity | business_impact,True,user_impact_focus
INC-0052,Port Scan Event,104,106,-2,25.36,22.73,-2.63,MEDIUM,LOW,True,asset_importance | attack_confidence | business_impact,attack_confidence | asset_importance | business_impact,True,user_impact_focus
INC-0034,Malware Infection,107,107,0,23.9,22.31,-1.59,LOW,LOW,False,attack_confidence | severity | asset_importance,attack_confidence | severity | affected_users,True,user_impact_focus
INC-0082,Suspicious Email Event,109,108,1,22.4,21.33,-1.07,LOW,LOW,False,attack_confidence | severity | asset_importance,attack_confidence | severity | affected_users,True,user_impact_focus
INC-0049,Port Scan Event,108,109,-1,22.48,21.09,-1.39,LOW,LOW,False,attack_confidence | asset_importance | business_impact,attack_confidence | asset_importance | business_impact,False,user_impact_focus
INC-0004,Port Scan Event,110,110,0,22.06,20.78,-1.28,LOW,LOW,False,attack_confidence | asset_importance | business_impact,attack_confidence | asset_importance | business_impact,False,user_impact_focus
INC-0014,Port Scan Event,111,111,0,21.55,20.51,-1.04,LOW,LOW,False,attack_confidence | severity | asset_importance,attack_confidence | severity | affected_users,True,user_impact_focus
INC-0021,Multi-stage Attack,1,1,0,90.2,90.4,0.2,CRITICAL,CRITICAL,False,business_impact | asset_importance | severity,data_sensitivity | business_impact | asset_importance,True,data_protection_focus
INC-0001,Data Exfiltration,2,2,0,89.5,89.88,0.38,CRITICAL,CRITICAL,False,severity | business_impact | asset_importance,data_sensitivity | attack_confidence | severity,True,data_protection_focus
INC-0028,Data Exfiltration,3,3,0,86.55,86.73,0.18,CRITICAL,CRITICAL,False,severity | business_impact | asset_importance,data_sensitivity | attack_confidence | severity,True,data_protection_focus
INC-0058,Multi-stage Attack,4,4,0,85.95,86.28,0.33,CRITICAL,CRITICAL,False,severity | business_impact | asset_importance,data_sensitivity | attack_confidence | severity,True,data_protection_focus
INC-0033,Ransomware Outbreak,5,5,0,79.45,79.53,0.08,CRITICAL,CRITICAL,False,severity | business_impact | asset_importance,data_sensitivity | attack_confidence | severity,True,data_protection_focus
INC-0042,Malware Infection,9,6,3,76.0,79.3,3.3,CRITICAL,CRITICAL,False,business_impact | asset_importance | data_sensitivity,data_sensitivity | business_impact | asset_importance,True,data_protection_focus
INC-0012,Multi-stage Attack,7,7,0,78.84,79.22,0.38,CRITICAL,CRITICAL,False,severity | business_impact | asset_importance,data_sensitivity | attack_confidence | severity,True,data_protection_focus
INC-0066,Data Exfiltration,6,8,-2,78.85,79.08,0.23,CRITICAL,CRITICAL,False,severity | business_impact | asset_importance,data_sensitivity | attack_confidence | severity,True,data_protection_focus
INC-0026,Malware Infection,11,9,2,74.3,77.28,2.98,HIGH,CRITICAL,True,business_impact | asset_importance | data_sensitivity,data_sensitivity | attack_confidence | business_impact,True,data_protection_focus
INC-0008,Unauthorized Access Event,10,10,0,74.35,77.2,2.85,HIGH,CRITICAL,True,business_impact | asset_importance | data_sensitivity,data_sensitivity | business_impact | asset_importance,True,data_protection_focus
INC-0073,Successful Login Event,12,11,1,72.6,77.13,4.53,HIGH,CRITICAL,True,business_impact | asset_importance | data_sensitivity,data_sensitivity | attack_confidence | business_impact,True,data_protection_focus
INC-0031,Failed Login Event,13,12,1,72.3,75.7,3.4,HIGH,CRITICAL,True,business_impact | asset_importance | data_sensitivity,data_sensitivity | business_impact | asset_importance,True,data_protection_focus
INC-0017,Suspicious DNS Event,14,13,1,72.05,75.4,3.35,HIGH,CRITICAL,True,business_impact | asset_importance | data_sensitivity,data_sensitivity | business_impact | asset_importance,True,data_protection_focus
INC-0045,DDoS Attack,8,14,-6,78.34,75.09,-3.25,CRITICAL,CRITICAL,False,asset_importance | severity | business_impact,data_sensitivity | attack_confidence | asset_importance,True,data_protection_focus
INC-0098,Malware Infection,15,15,0,71.35,74.88,3.53,HIGH,HIGH,False,business_impact | asset_importance | data_sensitivity,data_sensitivity | business_impact | asset_importance,True,data_protection_focus
INC-0054,Suspicious Email Event,16,16,0,71.25,74.8,3.55,HIGH,HIGH,False,business_impact | asset_importance | data_sensitivity,data_sensitivity | business_impact | asset_importance,True,data_protection_focus
INC-0096,Malware Infection,17,17,0,70.15,72.25,2.1,HIGH,HIGH,False,asset_importance | business_impact | data_sensitivity,data_sensitivity | asset_importance | business_impact,True,data_protection_focus
INC-0107,Suspicious Email Event,19,18,1,68.1,71.5,3.4,HIGH,HIGH,False,asset_importance | business_impact | data_sensitivity,data_sensitivity | asset_importance | business_impact,True,data_protection_focus
INC-0059,Command and Control Event,18,19,-1,68.7,70.6,1.9,HIGH,HIGH,False,asset_importance | business_impact | data_sensitivity,data_sensitivity | asset_importance | business_impact,True,data_protection_focus
INC-0002,Suspicious DNS Event,20,20,0,67.65,70.6,2.95,HIGH,HIGH,False,asset_importance | business_impact | data_sensitivity,data_sensitivity | asset_importance | business_impact,True,data_protection_focus
INC-0047,Malware Infection,21,21,0,66.9,70.38,3.48,HIGH,HIGH,False,business_impact | asset_importance | data_sensitivity,data_sensitivity | business_impact | asset_importance,True,data_protection_focus
INC-0099,Port Scan Event,23,22,1,64.8,67.9,3.1,HIGH,HIGH,False,asset_importance | business_impact | data_sensitivity,data_sensitivity | asset_importance | business_impact,True,data_protection_focus
INC-0110,Port Scan Event,24,23,1,64.7,67.3,2.6,HIGH,HIGH,False,asset_importance | business_impact | data_sensitivity,data_sensitivity | asset_importance | business_impact,True,data_protection_focus
INC-0069,Port Scan Event,28,24,4,62.0,65.5,3.5,HIGH,HIGH,False,asset_importance | business_impact | data_sensitivity,data_sensitivity | asset_importance | business_impact,True,data_protection_focus
INC-0037,Unauthorized Access Event,26,25,1,63.89,65.49,1.6,HIGH,HIGH,False,asset_importance | business_impact | data_sensitivity,data_sensitivity | asset_importance | business_impact,True,data_protection_focus
INC-0011,Suspicious DNS Event,25,26,-1,64.35,65.35,1.0,HIGH,HIGH,False,asset_importance | business_impact | data_sensitivity,data_sensitivity | asset_importance | business_impact,True,data_protection_focus
INC-0087,Malware Infection,27,27,0,63.15,65.2,2.05,HIGH,HIGH,False,asset_importance | business_impact | data_sensitivity,data_sensitivity | asset_importance | business_impact,True,data_protection_focus
INC-0050,Malware Infection,22,28,-6,65.25,64.9,-0.35,HIGH,HIGH,False,asset_importance | business_impact | attack_confidence,data_sensitivity | attack_confidence | asset_importance,True,data_protection_focus
INC-0093,Suspicious Email Event,29,29,0,61.95,64.3,2.35,HIGH,HIGH,False,asset_importance | business_impact | data_sensitivity,data_sensitivity | asset_importance | business_impact,True,data_protection_focus
INC-0095,Suspicious Email Event,30,30,0,61.45,63.7,2.25,HIGH,HIGH,False,asset_importance | business_impact | data_sensitivity,data_sensitivity | asset_importance | business_impact,True,data_protection_focus
INC-0009,Unauthorized Access Event,35,31,4,60.65,63.63,2.98,HIGH,HIGH,False,business_impact | asset_importance | data_sensitivity,data_sensitivity | business_impact | asset_importance,True,data_protection_focus
INC-0109,Suspicious DNS Event,36,32,4,60.65,63.63,2.98,HIGH,HIGH,False,business_impact | asset_importance | data_sensitivity,data_sensitivity | business_impact | asset_importance,True,data_protection_focus
INC-0081,Unauthorized Access Event,32,33,-1,61.4,63.25,1.85,HIGH,HIGH,False,asset_importance | business_impact | data_sensitivity,data_sensitivity | asset_importance | business_impact,True,data_protection_focus
INC-0074,Unauthorized Access Event,33,34,-1,61.05,63.25,2.2,HIGH,HIGH,False,asset_importance | business_impact | data_sensitivity,data_sensitivity | asset_importance | business_impact,True,data_protection_focus
INC-0056,Failed Login Event,38,35,3,60.5,62.5,2.0,HIGH,HIGH,False,asset_importance | business_impact | data_sensitivity,data_sensitivity | asset_importance | business_impact,True,data_protection_focus
INC-0032,Suspicious DNS Event,34,36,-2,60.75,61.9,1.15,HIGH,HIGH,False,asset_importance | business_impact | data_sensitivity,data_sensitivity | asset_importance | business_impact,True,data_protection_focus
INC-0036,Successful Login Event,42,37,5,59.75,61.6,1.85,HIGH,HIGH,False,asset_importance | business_impact | attack_confidence,data_sensitivity | attack_confidence | asset_importance,True,data_protection_focus
INC-0063,Command and Control Event,41,38,3,59.95,60.85,0.9,HIGH,HIGH,False,asset_importance | business_impact | data_sensitivity,data_sensitivity | asset_importance | business_impact,True,data_protection_focus
INC-0007,Failed Login Event,43,39,4,59.6,60.85,1.25,HIGH,HIGH,False,asset_importance | business_impact | attack_confidence,data_sensitivity | asset_importance | business_impact,True,data_protection_focus
INC-0015,Unauthorized Access Event,31,40,-9,61.4,59.95,-1.45,HIGH,HIGH,False,asset_importance | business_impact | attack_confidence,data_sensitivity | asset_importance | business_impact,True,data_protection_focus
INC-0077,Command and Control Event,39,41,-2,60.2,58.9,-1.3,HIGH,HIGH,False,asset_importance | business_impact | data_sensitivity,data_sensitivity | asset_importance | business_impact,True,data_protection_focus
INC-0106,Failed Login Event,45,42,3,56.85,58.6,1.75,HIGH,HIGH,False,asset_importance | business_impact | data_sensitivity,data_sensitivity | asset_importance | business_impact,True,data_protection_focus
INC-0022,Command and Control Event,40,43,-3,59.95,58.45,-1.5,HIGH,HIGH,False,asset_importance | business_impact | data_sensitivity,data_sensitivity | asset_importance | business_impact,True,data_protection_focus
INC-0035,Failed Login Event,37,44,-7,60.6,58.0,-2.6,HIGH,HIGH,False,asset_importance | business_impact | attack_confidence,data_sensitivity | asset_importance | business_impact,True,data_protection_focus
INC-0088,Malware Infection,44,45,-1,59.2,56.2,-3.0,HIGH,HIGH,False,asset_importance | business_impact | attack_confidence,data_sensitivity | asset_importance | business_impact,True,data_protection_focus
INC-0108,Suspicious Email Event,47,46,1,55.35,55.0,-0.35,HIGH,HIGH,False,asset_importance | business_impact | data_sensitivity,data_sensitivity | asset_importance | business_impact,True,data_protection_focus
INC-0085,Malware Infection,48,47,1,52.9,54.4,1.5,HIGH,HIGH,False,attack_confidence | business_impact | asset_importance,data_sensitivity | attack_confidence | business_impact,True,data_protection_focus
INC-0013,Unauthorized Access Event,46,48,-2,56.4,53.8,-2.6,HIGH,HIGH,False,asset_importance | business_impact | data_sensitivity,data_sensitivity | asset_importance | business_impact,True,data_protection_focus
INC-0039,Suspicious DNS Event,49,49,0,48.75,50.2,1.45,MEDIUM,HIGH,True,business_impact | asset_importance | data_sensitivity,data_sensitivity | business_impact | asset_importance,True,data_protection_focus
INC-0103,Failed Login Event,50,50,0,47.15,49.3,2.15,MEDIUM,MEDIUM,False,business_impact | asset_importance | attack_confidence,data_sensitivity | attack_confidence | business_impact,True,data_protection_focus
INC-0101,Malware Infection,51,51,0,46.9,48.55,1.65,MEDIUM,MEDIUM,False,attack_confidence | business_impact | asset_importance,data_sensitivity | attack_confidence | business_impact,True,data_protection_focus
INC-0090,Unauthorized Access Event,53,52,1,45.9,47.2,1.3,MEDIUM,MEDIUM,False,business_impact | asset_importance | attack_confidence,data_sensitivity | attack_confidence | business_impact,True,data_protection_focus
INC-0070,Unauthorized Access Event,52,53,-1,45.9,45.48,-0.42,MEDIUM,MEDIUM,False,asset_importance | business_impact | attack_confidence,data_sensitivity | attack_confidence | asset_importance,True,data_protection_focus
INC-0094,Unauthorized Access Event,54,54,0,44.2,45.1,0.9,MEDIUM,MEDIUM,False,attack_confidence | business_impact | asset_importance,data_sensitivity | attack_confidence | business_impact,True,data_protection_focus
INC-0091,Successful Login Event,57,55,2,42.6,45.1,2.5,MEDIUM,MEDIUM,False,attack_confidence | business_impact | asset_importance,data_sensitivity | attack_confidence | business_impact,True,data_protection_focus
INC-0072,Suspicious DNS Event,56,56,0,43.65,44.8,1.15,MEDIUM,MEDIUM,False,attack_confidence | business_impact | asset_importance,data_sensitivity | attack_confidence | business_impact,True,data_protection_focus
INC-0065,Malware Infection,55,57,-2,44.05,44.43,0.38,MEDIUM,MEDIUM,False,attack_confidence | asset_importance | business_impact,data_sensitivity | attack_confidence | asset_importance,True,data_protection_focus
INC-0053,Suspicious Email Event,58,58,0,42.4,44.05,1.65,MEDIUM,MEDIUM,False,attack_confidence | business_impact | asset_importance,data_sensitivity | attack_confidence | business_impact,True,data_protection_focus
INC-0075,Port Scan Event,60,59,1,41.2,43.0,1.8,MEDIUM,MEDIUM,False,attack_confidence | business_impact | asset_importance,data_sensitivity | attack_confidence | business_impact,True,data_protection_focus
INC-0105,Malware Infection,59,60,-1,42.35,41.8,-0.55,MEDIUM,MEDIUM,False,attack_confidence | asset_importance | business_impact,attack_confidence | data_sensitivity | asset_importance,True,data_protection_focus
INC-0097,Suspicious Email Event,61,61,0,38.6,40.6,2.0,MEDIUM,MEDIUM,False,business_impact | asset_importance | attack_confidence,data_sensitivity | attack_confidence | business_impact,True,data_protection_focus
INC-0062,Suspicious DNS Event,63,62,1,37.35,37.45,0.1,MEDIUM,MEDIUM,False,attack_confidence | asset_importance | business_impact,attack_confidence | data_sensitivity | asset_importance,True,data_protection_focus
INC-0111,Malware Infection,62,63,-1,37.68,36.67,-1.01,MEDIUM,MEDIUM,False,attack_confidence | severity | business_impact,attack_confidence | data_sensitivity | severity,True,data_protection_focus
INC-0080,Port Scan Event,65,64,1,33.95,34.75,0.8,MEDIUM,MEDIUM,False,attack_confidence | asset_importance | business_impact,data_sensitivity | attack_confidence | asset_importance,True,data_protection_focus
INC-0018,Failed Login Event,66,65,1,32.65,33.18,0.53,MEDIUM,MEDIUM,False,attack_confidence | severity | business_impact,attack_confidence | data_sensitivity | severity,True,data_protection_focus
INC-0100,Malware Infection,64,66,-2,34.81,31.57,-3.24,MEDIUM,MEDIUM,False,attack_confidence | asset_importance | severity,attack_confidence | asset_importance | severity,False,data_protection_focus
INC-0040,Malware Infection,70,67,3,31.32,30.87,-0.45,MEDIUM,MEDIUM,False,attack_confidence | severity | business_impact,attack_confidence | data_sensitivity | severity,True,data_protection_focus
INC-0005,Successful Login Event,71,68,3,31.28,30.72,-0.56,MEDIUM,MEDIUM,False,attack_confidence | asset_importance | business_impact,attack_confidence | data_sensitivity | asset_importance,True,data_protection_focus
INC-0020,Successful Login Event,67,69,-2,32.31,30.07,-2.24,MEDIUM,MEDIUM,False,attack_confidence | asset_importance | business_impact,attack_confidence | asset_importance | business_impact,False,data_protection_focus
INC-0079,Malware Infection,69,70,-1,31.36,29.62,-1.74,MEDIUM,MEDIUM,False,attack_confidence | severity | asset_importance,attack_confidence | severity | data_sensitivity,True,data_protection_focus
INC-0061,Malware Infection,80,71,9,29.72,29.52,-0.2,MEDIUM,MEDIUM,False,attack_confidence | severity | business_impact,attack_confidence | data_sensitivity | severity,True,data_protection_focus
INC-0030,Malware Infection,68,72,-4,31.8,29.35,-2.45,MEDIUM,MEDIUM,False,attack_confidence | severity | asset_importance,attack_confidence | severity | data_sensitivity,True,data_protection_focus
INC-0064,Command and Control Event,76,73,3,30.02,29.07,-0.95,MEDIUM,MEDIUM,False,severity | attack_confidence | business_impact,attack_confidence | data_sensitivity | severity,True,data_protection_focus
INC-0016,Malware Infection,72,74,-2,31.15,28.98,-2.17,MEDIUM,MEDIUM,False,attack_confidence | severity | asset_importance,attack_confidence | severity | data_sensitivity,True,data_protection_focus
INC-0038,Suspicious DNS Event,73,75,-2,31.12,28.84,-2.28,MEDIUM,MEDIUM,False,attack_confidence | severity | asset_importance,attack_confidence | severity | asset_importance,False,data_protection_focus
INC-0086,Successful Login Event,81,76,5,29.68,28.59,-1.09,MEDIUM,MEDIUM,False,attack_confidence | asset_importance | business_impact,attack_confidence | data_sensitivity | asset_importance,True,data_protection_focus
INC-0041,Successful Login Event,74,77,-3,30.31,28.42,-1.89,MEDIUM,MEDIUM,False,attack_confidence | asset_importance | business_impact,attack_confidence | asset_importance | business_impact,False,data_protection_focus
INC-0044,Successful Login Event,83,78,5,29.5,28.38,-1.12,MEDIUM,MEDIUM,False,attack_confidence | asset_importance | business_impact,attack_confidence | asset_importance | data_sensitivity,True,data_protection_focus
INC-0025,Malware Infection,77,79,-2,29.95,28.0,-1.95,MEDIUM,MEDIUM,False,attack_confidence | severity | asset_importance,attack_confidence | severity | data_sensitivity,True,data_protection_focus
INC-0067,Command and Control Event,75,80,-5,30.15,27.93,-2.22,MEDIUM,MEDIUM,False,severity | attack_confidence | asset_importance,attack_confidence | severity | data_sensitivity,True,data_protection_focus
INC-0078,Failed Login Event,78,81,-3,29.9,27.63,-2.27,MEDIUM,MEDIUM,False,attack_confidence | severity | asset_importance,attack_confidence | severity | asset_importance,False,data_protection_focus
INC-0027,Malware Infection,82,82,0,29.65,27.33,-2.32,MEDIUM,MEDIUM,False,attack_confidence | severity | asset_importance,attack_confidence | severity | asset_importance,False,data_protection_focus
INC-0046,Malware Infection,85,83,2,28.85,27.25,-1.6,MEDIUM,MEDIUM,False,attack_confidence | severity | asset_importance,attack_confidence | severity | data_sensitivity,True,data_protection_focus
INC-0068,Suspicious Email Event,79,84,-5,29.86,27.07,-2.79,MEDIUM,MEDIUM,False,attack_confidence | asset_importance | business_impact,attack_confidence | asset_importance | business_impact,False,data_protection_focus
INC-0092,Unauthorized Access Event,88,85,3,28.22,26.97,-1.25,MEDIUM,MEDIUM,False,attack_confidence | severity | asset_importance,attack_confidence | data_sensitivity | severity,True,data_protection_focus
INC-0051,Suspicious Email Event,92,86,6,27.12,26.97,-0.15,MEDIUM,MEDIUM,False,attack_confidence | severity | business_impact,attack_confidence | data_sensitivity | severity,True,data_protection_focus
INC-0083,Suspicious DNS Event,84,87,-3,29.05,26.88,-2.17,MEDIUM,MEDIUM,False,attack_confidence | severity | asset_importance,attack_confidence | severity | asset_importance,False,data_protection_focus
INC-0024,Command and Control Event,86,88,-2,28.34,26.68,-1.66,MEDIUM,MEDIUM,False,attack_confidence | severity | asset_importance,attack_confidence | severity | data_sensitivity,True,data_protection_focus
INC-0048,Failed Login Event,89,89,0,27.88,26.64,-1.24,MEDIUM,MEDIUM,False,attack_confidence | asset_importance | business_impact,attack_confidence | data_sensitivity | asset_importance,True,data_protection_focus
INC-0104,Suspicious Email Event,87,90,-3,28.32,26.44,-1.88,MEDIUM,MEDIUM,False,attack_confidence | asset_importance | severity,attack_confidence | asset_importance | data_sensitivity,True,data_protection_focus
INC-0043,Successful Login Event,96,91,5,26.6,26.05,-0.55,MEDIUM,MEDIUM,False,attack_confidence | asset_importance | business_impact,attack_confidence | data_sensitivity | asset_importance,True,data_protection_focus
INC-0071,Malware Infection,91,92,-1,27.77,25.99,-1.78,MEDIUM,MEDIUM,False,attack_confidence | asset_importance | business_impact,attack_confidence | asset_importance | data_sensitivity,True,data_protection_focus
INC-0055,Suspicious Email Event,94,93,1,26.68,25.92,-0.76,MEDIUM,MEDIUM,False,attack_confidence | asset_importance | business_impact,attack_confidence | data_sensitivity | asset_importance,True,data_protection_focus
INC-0076,Command and Control Event,90,94,-4,27.81,25.87,-1.94,MEDIUM,MEDIUM,False,attack_confidence | severity | asset_importance,attack_confidence | severity | data_sensitivity,True,data_protection_focus
INC-0084,Port Scan Event,93,95,-2,26.77,25.39,-1.38,MEDIUM,MEDIUM,False,attack_confidence | asset_importance | business_impact,attack_confidence | asset_importance | data_sensitivity,True,data_protection_focus
INC-0023,Malware Infection,98,96,2,26.07,25.32,-0.75,MEDIUM,MEDIUM,False,attack_confidence | asset_importance | severity,attack_confidence | data_sensitivity | asset_importance,True,data_protection_focus
INC-0029,Port Scan Event,99,97,2,26.02,25.32,-0.7,MEDIUM,MEDIUM,False,attack_confidence | asset_importance | business_impact,attack_confidence | data_sensitivity | asset_importance,True,data_protection_focus
INC-0019,Suspicious Email Event,95,98,-3,26.67,24.94,-1.73,MEDIUM,LOW,True,attack_confidence | asset_importance | business_impact,attack_confidence | asset_importance | data_sensitivity,True,data_protection_focus
INC-0010,Suspicious Email Event,106,99,7,24.37,24.72,0.35,LOW,LOW,False,attack_confidence | business_impact | asset_importance,attack_confidence | data_sensitivity | business_impact,True,data_protection_focus
INC-0060,Unauthorized Access Event,100,100,0,25.8,24.55,-1.25,MEDIUM,LOW,True,attack_confidence | severity | asset_importance,attack_confidence | severity | data_sensitivity,True,data_protection_focus
INC-0102,Command and Control Event,101,101,0,25.7,24.25,-1.45,MEDIUM,LOW,True,attack_confidence | severity | asset_importance,attack_confidence | severity | data_sensitivity,True,data_protection_focus
INC-0006,Malware Infection,97,102,-5,26.25,24.18,-2.07,MEDIUM,LOW,True,attack_confidence | severity | asset_importance,attack_confidence | severity | data_sensitivity,True,data_protection_focus
INC-0003,Port Scan Event,102,103,-1,25.68,24.09,-1.59,MEDIUM,LOW,True,attack_confidence | severity | asset_importance,attack_confidence | data_sensitivity | severity,True,data_protection_focus
INC-0057,Malware Infection,103,104,-1,25.51,24.07,-1.44,MEDIUM,LOW,True,attack_confidence | severity | asset_importance,attack_confidence | severity | data_sensitivity,True,data_protection_focus
INC-0089,Suspicious Email Event,105,105,0,25.25,23.65,-1.6,MEDIUM,LOW,True,attack_confidence | severity | asset_importance,attack_confidence | severity | data_sensitivity,True,data_protection_focus
INC-0052,Port Scan Event,104,106,-2,25.36,22.72,-2.64,MEDIUM,LOW,True,asset_importance | attack_confidence | business_impact,attack_confidence | asset_importance | business_impact,True,data_protection_focus
INC-0034,Malware Infection,107,107,0,23.9,22.3,-1.6,LOW,LOW,False,attack_confidence | severity | asset_importance,attack_confidence | severity | data_sensitivity,True,data_protection_focus
INC-0049,Port Scan Event,108,108,0,22.48,21.54,-0.94,LOW,LOW,False,attack_confidence | asset_importance | business_impact,attack_confidence | data_sensitivity | asset_importance,True,data_protection_focus
INC-0004,Port Scan Event,110,109,1,22.06,21.37,-0.69,LOW,LOW,False,attack_confidence | asset_importance | business_impact,attack_confidence | data_sensitivity | asset_importance,True,data_protection_focus
INC-0082,Suspicious Email Event,109,110,-1,22.4,21.33,-1.07,LOW,LOW,False,attack_confidence | severity | asset_importance,attack_confidence | severity | data_sensitivity,True,data_protection_focus
INC-0014,Port Scan Event,111,111,0,21.55,20.5,-1.05,LOW,LOW,False,attack_confidence | severity | asset_importance,attack_confidence | severity | data_sensitivity,True,data_protection_focus
INC-0021,Multi-stage Attack,1,1,0,90.2,90.4,0.2,CRITICAL,CRITICAL,False,business_impact | asset_importance | severity,business_impact | asset_importance | attack_confidence,True,business_continuity_focus
INC-0001,Data Exfiltration,2,2,0,89.5,89.35,-0.15,CRITICAL,CRITICAL,False,severity | business_impact | asset_importance,business_impact | asset_importance | attack_confidence,True,business_continuity_focus
INC-0028,Data Exfiltration,3,3,0,86.55,86.2,-0.35,CRITICAL,CRITICAL,False,severity | business_impact | asset_importance,business_impact | asset_importance | attack_confidence,True,business_continuity_focus
INC-0058,Multi-stage Attack,4,4,0,85.95,85.75,-0.2,CRITICAL,CRITICAL,False,severity | business_impact | asset_importance,business_impact | asset_importance | attack_confidence,True,business_continuity_focus
INC-0042,Malware Infection,9,5,4,76.0,79.3,3.3,CRITICAL,CRITICAL,False,business_impact | asset_importance | data_sensitivity,business_impact | asset_importance | attack_confidence,True,business_continuity_focus
INC-0045,DDoS Attack,8,6,2,78.34,78.89,0.55,CRITICAL,CRITICAL,False,asset_importance | severity | business_impact,business_impact | asset_importance | attack_confidence,True,business_continuity_focus
INC-0033,Ransomware Outbreak,5,7,-2,79.45,78.15,-1.3,CRITICAL,CRITICAL,False,severity | business_impact | asset_importance,business_impact | asset_importance | attack_confidence,True,business_continuity_focus
INC-0012,Multi-stage Attack,7,8,-1,78.84,77.84,-1.0,CRITICAL,CRITICAL,False,severity | business_impact | asset_importance,business_impact | asset_importance | attack_confidence,True,business_continuity_focus
INC-0066,Data Exfiltration,6,9,-3,78.85,77.7,-1.15,CRITICAL,CRITICAL,False,severity | business_impact | asset_importance,business_impact | asset_importance | attack_confidence,True,business_continuity_focus
INC-0008,Unauthorized Access Event,10,10,0,74.35,77.2,2.85,HIGH,CRITICAL,True,business_impact | asset_importance | data_sensitivity,business_impact | asset_importance | data_sensitivity,False,business_continuity_focus
INC-0026,Malware Infection,11,11,0,74.3,76.75,2.45,HIGH,CRITICAL,True,business_impact | asset_importance | data_sensitivity,business_impact | asset_importance | attack_confidence,True,business_continuity_focus
INC-0073,Successful Login Event,12,12,0,72.6,76.6,4.0,HIGH,CRITICAL,True,business_impact | asset_importance | data_sensitivity,business_impact | asset_importance | attack_confidence,True,business_continuity_focus
INC-0031,Failed Login Event,13,13,0,72.3,75.7,3.4,HIGH,CRITICAL,True,business_impact | asset_importance | data_sensitivity,business_impact | asset_importance | data_sensitivity,False,business_continuity_focus
INC-0017,Suspicious DNS Event,14,14,0,72.05,75.4,3.35,HIGH,CRITICAL,True,business_impact | asset_importance | data_sensitivity,business_impact | asset_importance | data_sensitivity,False,business_continuity_focus
INC-0054,Suspicious Email Event,16,15,1,71.25,74.8,3.55,HIGH,HIGH,False,business_impact | asset_importance | data_sensitivity,business_impact | asset_importance | data_sensitivity,False,business_continuity_focus
INC-0098,Malware Infection,15,16,-1,71.35,74.35,3.0,HIGH,HIGH,False,business_impact | asset_importance | data_sensitivity,business_impact | asset_importance | attack_confidence,True,business_continuity_focus
INC-0096,Malware Infection,17,17,0,70.15,73.1,2.95,HIGH,HIGH,False,asset_importance | business_impact | data_sensitivity,business_impact | asset_importance | attack_confidence,True,business_continuity_focus
INC-0107,Suspicious Email Event,19,18,1,68.1,72.35,4.25,HIGH,HIGH,False,asset_importance | business_impact | data_sensitivity,business_impact | asset_importance | data_sensitivity,True,business_continuity_focus
INC-0059,Command and Control Event,18,19,-1,68.7,71.45,2.75,HIGH,HIGH,False,asset_importance | business_impact | data_sensitivity,business_impact | asset_importance | data_sensitivity,True,business_continuity_focus
INC-0002,Suspicious DNS Event,20,20,0,67.65,71.45,3.8,HIGH,HIGH,False,asset_importance | business_impact | data_sensitivity,business_impact | asset_importance | attack_confidence,True,business_continuity_focus
INC-0047,Malware Infection,21,21,0,66.9,69.85,2.95,HIGH,HIGH,False,business_impact | asset_importance | data_sensitivity,business_impact | asset_importance | data_sensitivity,False,business_continuity_focus
INC-0099,Port Scan Event,23,22,1,64.8,68.75,3.95,HIGH,HIGH,False,asset_importance | business_impact | data_sensitivity,business_impact | asset_importance | data_sensitivity,True,business_continuity_focus
INC-0110,Port Scan Event,24,23,1,64.7,68.15,3.45,HIGH,HIGH,False,asset_importance | business_impact | data_sensitivity,business_impact | asset_importance | data_sensitivity,True,business_continuity_focus
INC-0050,Malware Infection,22,24,-2,65.25,67.45,2.2,HIGH,HIGH,False,asset_importance | business_impact | attack_confidence,business_impact | asset_importance | attack_confidence,True,business_continuity_focus
INC-0011,Suspicious DNS Event,25,25,0,64.35,67.05,2.7,HIGH,HIGH,False,asset_importance | business_impact | data_sensitivity,business_impact | asset_importance | attack_confidence,True,business_continuity_focus
INC-0069,Port Scan Event,28,26,2,62.0,66.35,4.35,HIGH,HIGH,False,asset_importance | business_impact | data_sensitivity,business_impact | asset_importance | data_sensitivity,True,business_continuity_focus
INC-0037,Unauthorized Access Event,26,27,-1,63.89,66.34,2.45,HIGH,HIGH,False,asset_importance | business_impact | data_sensitivity,business_impact | asset_importance | attack_confidence,True,business_continuity_focus
INC-0087,Malware Infection,27,28,-1,63.15,66.05,2.9,HIGH,HIGH,False,asset_importance | business_impact | data_sensitivity,business_impact | asset_importance | attack_confidence,True,business_continuity_focus
INC-0093,Suspicious Email Event,29,29,0,61.95,65.15,3.2,HIGH,HIGH,False,asset_importance | business_impact | data_sensitivity,business_impact | asset_importance | attack_confidence,True,business_continuity_focus
INC-0035,Failed Login Event,37,30,7,60.6,64.8,4.2,HIGH,HIGH,False,asset_importance | business_impact | attack_confidence,business_impact | asset_importance | attack_confidence,True,business_continuity_focus
INC-0095,Suspicious Email Event,30,31,-1,61.45,64.55,3.1,HIGH,HIGH,False,asset_importance | business_impact | data_sensitivity,business_impact | asset_importance | attack_confidence,True,business_continuity_focus
INC-0015,Unauthorized Access Event,31,32,-1,61.4,64.2,2.8,HIGH,HIGH,False,asset_importance | business_impact | attack_confidence,business_impact | asset_importance | attack_confidence,True,business_continuity_focus
INC-0056,Failed Login Event,38,33,5,60.5,64.2,3.7,HIGH,HIGH,False,asset_importance | business_impact | data_sensitivity,business_impact | asset_importance | attack_confidence,True,business_continuity_focus
INC-0081,Unauthorized Access Event,32,34,-2,61.4,64.1,2.7,HIGH,HIGH,False,asset_importance | business_impact | data_sensitivity,business_impact | asset_importance | data_sensitivity,True,business_continuity_focus
INC-0074,Unauthorized Access Event,33,35,-2,61.05,64.1,3.05,HIGH,HIGH,False,asset_importance | business_impact | data_sensitivity,business_impact | asset_importance | attack_confidence,True,business_continuity_focus
INC-0032,Suspicious DNS Event,34,36,-2,60.75,63.6,2.85,HIGH,HIGH,False,asset_importance | business_impact | data_sensitivity,business_impact | asset_importance | attack_confidence,True,business_continuity_focus
INC-0036,Successful Login Event,42,37,5,59.75,63.3,3.55,HIGH,HIGH,False,asset_importance | business_impact | attack_confidence,business_impact | asset_importance | attack_confidence,True,business_continuity_focus
INC-0077,Command and Control Event,39,38,1,60.2,63.15,2.95,HIGH,HIGH,False,asset_importance | business_impact | data_sensitivity,business_impact | asset_importance | attack_confidence,True,business_continuity_focus
INC-0088,Malware Infection,44,39,5,59.2,63.0,3.8,HIGH,HIGH,False,asset_importance | business_impact | attack_confidence,business_impact | asset_importance | attack_confidence,True,business_continuity_focus
INC-0022,Command and Control Event,40,40,0,59.95,62.7,2.75,HIGH,HIGH,False,asset_importance | business_impact | data_sensitivity,business_impact | asset_importance | attack_confidence,True,business_continuity_focus
INC-0063,Command and Control Event,41,41,0,59.95,62.55,2.6,HIGH,HIGH,False,asset_importance | business_impact | data_sensitivity,business_impact | asset_importance | data_sensitivity,True,business_continuity_focus
INC-0007,Failed Login Event,43,42,1,59.6,62.55,2.95,HIGH,HIGH,False,asset_importance | business_impact | attack_confidence,business_impact | asset_importance | attack_confidence,True,business_continuity_focus
INC-0009,Unauthorized Access Event,35,43,-8,60.65,62.25,1.6,HIGH,HIGH,False,business_impact | asset_importance | data_sensitivity,business_impact | asset_importance | data_sensitivity,False,business_continuity_focus
INC-0109,Suspicious DNS Event,36,44,-8,60.65,62.25,1.6,HIGH,HIGH,False,business_impact | asset_importance | data_sensitivity,business_impact | asset_importance | data_sensitivity,False,business_continuity_focus
INC-0013,Unauthorized Access Event,46,45,1,56.4,60.6,4.2,HIGH,HIGH,False,asset_importance | business_impact | data_sensitivity,business_impact | asset_importance | attack_confidence,True,business_continuity_focus
INC-0106,Failed Login Event,45,46,-1,56.85,60.3,3.45,HIGH,HIGH,False,asset_importance | business_impact | data_sensitivity,business_impact | asset_importance | attack_confidence,True,business_continuity_focus
INC-0108,Suspicious Email Event,47,47,0,55.35,59.25,3.9,HIGH,HIGH,False,asset_importance | business_impact | data_sensitivity,business_impact | asset_importance | attack_confidence,True,business_continuity_focus
INC-0085,Malware Infection,48,48,0,52.9,54.4,1.5,HIGH,HIGH,False,attack_confidence | business_impact | asset_importance,business_impact | attack_confidence | asset_importance,True,business_continuity_focus
INC-0039,Suspicious DNS Event,49,49,0,48.75,50.2,1.45,MEDIUM,HIGH,True,business_impact | asset_importance | data_sensitivity,business_impact | asset_importance | attack_confidence,True,business_continuity_focus
INC-0103,Failed Login Event,50,50,0,47.15,49.3,2.15,MEDIUM,MEDIUM,False,business_impact | asset_importance | attack_confidence,business_impact | asset_importance | attack_confidence,False,business_continuity_focus
INC-0101,Malware Infection,51,51,0,46.9,47.7,0.8,MEDIUM,MEDIUM,False,attack_confidence | business_impact | asset_importance,business_impact | attack_confidence | asset_importance,True,business_continuity_focus
INC-0070,Unauthorized Access Event,52,52,0,45.9,46.85,0.95,MEDIUM,MEDIUM,False,asset_importance | business_impact | attack_confidence,business_impact | asset_importance | attack_confidence,True,business_continuity_focus
INC-0090,Unauthorized Access Event,53,53,0,45.9,46.35,0.45,MEDIUM,MEDIUM,False,business_impact | asset_importance | attack_confidence,business_impact | asset_importance | attack_confidence,False,business_continuity_focus
INC-0065,Malware Infection,55,54,1,44.05,45.8,1.75,MEDIUM,MEDIUM,False,attack_confidence | asset_importance | business_impact,business_impact | attack_confidence | asset_importance,True,business_continuity_focus
INC-0094,Unauthorized Access Event,54,55,-1,44.2,44.25,0.05,MEDIUM,MEDIUM,False,attack_confidence | business_impact | asset_importance,business_impact | attack_confidence | asset_importance,True,business_continuity_focus
INC-0091,Successful Login Event,57,56,1,42.6,44.25,1.65,MEDIUM,MEDIUM,False,attack_confidence | business_impact | asset_importance,attack_confidence | business_impact | asset_importance,False,business_continuity_focus
INC-0072,Suspicious DNS Event,56,57,-1,43.65,43.95,0.3,MEDIUM,MEDIUM,False,attack_confidence | business_impact | asset_importance,business_impact | attack_confidence | asset_importance,True,business_continuity_focus
INC-0053,Suspicious Email Event,58,58,0,42.4,43.2,0.8,MEDIUM,MEDIUM,False,attack_confidence | business_impact | asset_importance,business_impact | attack_confidence | asset_importance,True,business_continuity_focus
INC-0105,Malware Infection,59,59,0,42.35,42.65,0.3,MEDIUM,MEDIUM,False,attack_confidence | asset_importance | business_impact,attack_confidence | business_impact | asset_importance,True,business_continuity_focus
INC-0075,Port Scan Event,60,60,0,41.2,42.15,0.95,MEDIUM,MEDIUM,False,attack_confidence | business_impact | asset_importance,business_impact | attack_confidence | asset_importance,True,business_continuity_focus
INC-0097,Suspicious Email Event,61,61,0,38.6,39.75,1.15,MEDIUM,MEDIUM,False,business_impact | asset_importance | attack_confidence,business_impact | asset_importance | attack_confidence,False,business_continuity_focus
INC-0062,Suspicious DNS Event,63,62,1,37.35,38.3,0.95,MEDIUM,MEDIUM,False,attack_confidence | asset_importance | business_impact,business_impact | attack_confidence | asset_importance,True,business_continuity_focus
INC-0111,Malware Infection,62,63,-1,37.68,36.49,-1.19,MEDIUM,MEDIUM,False,attack_confidence | severity | business_impact,attack_confidence | severity | business_impact,False,business_continuity_focus
INC-0080,Port Scan Event,65,64,1,33.95,35.6,1.65,MEDIUM,MEDIUM,False,attack_confidence | asset_importance | business_impact,business_impact | attack_confidence | asset_importance,True,business_continuity_focus
INC-0100,Malware Infection,64,65,-1,34.81,35.52,0.71,MEDIUM,MEDIUM,False,attack_confidence | asset_importance | severity,attack_confidence | business_impact | asset_importance,True,business_continuity_focus
INC-0020,Successful Login Event,67,66,1,32.31,34.02,1.71,MEDIUM,MEDIUM,False,attack_confidence | asset_importance | business_impact,attack_confidence | business_impact | asset_importance,True,business_continuity_focus
INC-0041,Successful Login Event,74,67,7,30.31,32.37,2.06,MEDIUM,MEDIUM,False,attack_confidence | asset_importance | business_impact,attack_confidence | business_impact | asset_importance,True,business_continuity_focus
INC-0018,Failed Login Event,66,68,-2,32.65,32.36,-0.29,MEDIUM,MEDIUM,False,attack_confidence | severity | business_impact,attack_confidence | business_impact | asset_importance,True,business_continuity_focus
INC-0005,Successful Login Event,71,69,2,31.28,32.05,0.77,MEDIUM,MEDIUM,False,attack_confidence | asset_importance | business_impact,attack_confidence | business_impact | asset_importance,True,business_continuity_focus
INC-0038,Suspicious DNS Event,73,70,3,31.12,31.28,0.16,MEDIUM,MEDIUM,False,attack_confidence | severity | asset_importance,attack_confidence | business_impact | asset_importance,True,business_continuity_focus
INC-0079,Malware Infection,69,71,-2,31.36,31.02,-0.34,MEDIUM,MEDIUM,False,attack_confidence | severity | asset_importance,attack_confidence | business_impact | severity,True,business_continuity_focus
INC-0068,Suspicious Email Event,79,72,7,29.86,31.02,1.16,MEDIUM,MEDIUM,False,attack_confidence | asset_importance | business_impact,attack_confidence | business_impact | asset_importance,True,business_continuity_focus
INC-0016,Malware Infection,72,73,-1,31.15,30.91,-0.24,MEDIUM,MEDIUM,False,attack_confidence | severity | asset_importance,attack_confidence | business_impact | severity,True,business_continuity_focus
INC-0044,Successful Login Event,83,74,9,29.5,30.69,1.19,MEDIUM,MEDIUM,False,attack_confidence | asset_importance | business_impact,attack_confidence | business_impact | asset_importance,True,business_continuity_focus
INC-0040,Malware Infection,70,75,-5,31.32,30.68,-0.64,MEDIUM,MEDIUM,False,attack_confidence | severity | business_impact,attack_confidence | business_impact | severity,True,business_continuity_focus
INC-0086,Successful Login Event,81,76,5,29.68,30.45,0.77,MEDIUM,MEDIUM,False,attack_confidence | asset_importance | business_impact,attack_confidence | business_impact | asset_importance,True,business_continuity_focus
INC-0030,Malware Infection,68,77,-9,31.8,30.2,-1.6,MEDIUM,MEDIUM,False,attack_confidence | severity | asset_importance,attack_confidence | severity | business_impact,True,business_continuity_focus
INC-0078,Failed Login Event,78,78,0,29.9,29.94,0.04,MEDIUM,MEDIUM,False,attack_confidence | severity | asset_importance,attack_confidence | business_impact | asset_importance,True,business_continuity_focus
INC-0067,Command and Control Event,75,79,-4,30.15,29.86,-0.29,MEDIUM,MEDIUM,False,severity | attack_confidence | asset_importance,business_impact | attack_confidence | severity,True,business_continuity_focus
INC-0027,Malware Infection,82,80,2,29.65,29.64,-0.01,MEDIUM,MEDIUM,False,attack_confidence | severity | asset_importance,attack_confidence | business_impact | asset_importance,True,business_continuity_focus
INC-0061,Malware Infection,80,81,-1,29.72,29.33,-0.39,MEDIUM,MEDIUM,False,attack_confidence | severity | business_impact,attack_confidence | business_impact | asset_importance,True,business_continuity_focus
INC-0083,Suspicious DNS Event,84,82,2,29.05,29.19,0.14,MEDIUM,MEDIUM,False,attack_confidence | severity | asset_importance,attack_confidence | business_impact | asset_importance,True,business_continuity_focus
INC-0064,Command and Control Event,76,83,-7,30.02,28.88,-1.14,MEDIUM,MEDIUM,False,severity | attack_confidence | business_impact,attack_confidence | business_impact | severity,True,business_continuity_focus
INC-0104,Suspicious Email Event,87,84,3,28.32,28.88,0.56,MEDIUM,MEDIUM,False,attack_confidence | asset_importance | severity,attack_confidence | business_impact | asset_importance,True,business_continuity_focus
INC-0025,Malware Infection,77,85,-8,29.95,28.85,-1.1,MEDIUM,MEDIUM,False,attack_confidence | severity | asset_importance,attack_confidence | severity | business_impact,True,business_continuity_focus
INC-0048,Failed Login Event,89,86,3,27.88,28.5,0.62,MEDIUM,MEDIUM,False,attack_confidence | asset_importance | business_impact,attack_confidence | business_impact | asset_importance,True,business_continuity_focus
INC-0071,Malware Infection,91,87,4,27.77,28.43,0.66,MEDIUM,MEDIUM,False,attack_confidence | asset_importance | business_impact,attack_confidence | business_impact | asset_importance,True,business_continuity_focus
INC-0046,Malware Infection,85,88,-3,28.85,28.1,-0.75,MEDIUM,MEDIUM,False,attack_confidence | severity | asset_importance,attack_confidence | severity | business_impact,True,business_continuity_focus
INC-0024,Command and Control Event,86,89,-3,28.34,28.01,-0.33,MEDIUM,MEDIUM,False,attack_confidence | severity | asset_importance,attack_confidence | business_impact | severity,True,business_continuity_focus
INC-0092,Unauthorized Access Event,88,90,-2,28.22,27.92,-0.3,MEDIUM,MEDIUM,False,attack_confidence | severity | asset_importance,attack_confidence | business_impact | severity,True,business_continuity_focus
INC-0084,Port Scan Event,93,91,2,26.77,27.83,1.06,MEDIUM,MEDIUM,False,attack_confidence | asset_importance | business_impact,attack_confidence | business_impact | asset_importance,True,business_continuity_focus
INC-0043,Successful Login Event,96,92,4,26.6,27.57,0.97,MEDIUM,MEDIUM,False,attack_confidence | asset_importance | business_impact,attack_confidence | business_impact | asset_importance,True,business_continuity_focus
INC-0019,Suspicious Email Event,95,93,2,26.67,27.38,0.71,MEDIUM,MEDIUM,False,attack_confidence | asset_importance | business_impact,attack_confidence | business_impact | asset_importance,True,business_continuity_focus
INC-0076,Command and Control Event,90,94,-4,27.81,27.27,-0.54,MEDIUM,MEDIUM,False,attack_confidence | severity | asset_importance,attack_confidence | business_impact | severity,True,business_continuity_focus
INC-0055,Suspicious Email Event,94,95,-1,26.68,27.25,0.57,MEDIUM,MEDIUM,False,attack_confidence | asset_importance | business_impact,attack_confidence | business_impact | asset_importance,True,business_continuity_focus
INC-0051,Suspicious Email Event,92,96,-4,27.12,26.78,-0.34,MEDIUM,MEDIUM,False,attack_confidence | severity | business_impact,attack_confidence | business_impact | asset_importance,True,business_continuity_focus
INC-0052,Port Scan Event,104,97,7,25.36,26.67,1.31,MEDIUM,MEDIUM,False,asset_importance | attack_confidence | business_impact,business_impact | asset_importance | attack_confidence,True,business_continuity_focus
INC-0023,Malware Infection,98,98,0,26.07,26.27,0.2,MEDIUM,MEDIUM,False,attack_confidence | asset_importance | severity,attack_confidence | business_impact | asset_importance,True,business_continuity_focus
INC-0029,Port Scan Event,99,99,0,26.02,26.27,0.25,MEDIUM,MEDIUM,False,attack_confidence | asset_importance | business_impact,attack_confidence | business_impact | asset_importance,True,business_continuity_focus
INC-0003,Port Scan Event,102,100,2,25.68,25.95,0.27,MEDIUM,MEDIUM,False,attack_confidence | severity | asset_importance,attack_confidence | business_impact | asset_importance,True,business_continuity_focus
INC-0057,Malware Infection,103,101,2,25.51,25.47,-0.04,MEDIUM,MEDIUM,False,attack_confidence | severity | asset_importance,attack_confidence | business_impact | asset_importance,True,business_continuity_focus
INC-0060,Unauthorized Access Event,100,102,-2,25.8,25.4,-0.4,MEDIUM,MEDIUM,False,attack_confidence | severity | asset_importance,attack_confidence | business_impact | severity,True,business_continuity_focus
INC-0006,Malware Infection,97,103,-6,26.25,25.26,-0.99,MEDIUM,MEDIUM,False,attack_confidence | severity | asset_importance,attack_confidence | severity | business_impact,True,business_continuity_focus
INC-0102,Command and Control Event,101,104,-3,25.7,25.1,-0.6,MEDIUM,MEDIUM,False,attack_confidence | severity | asset_importance,attack_confidence | business_impact | severity,True,business_continuity_focus
INC-0010,Suspicious Email Event,106,105,1,24.37,24.53,0.16,LOW,LOW,False,attack_confidence | business_impact | asset_importance,attack_confidence | business_impact | asset_importance,False,business_continuity_focus
INC-0089,Suspicious Email Event,105,106,-1,25.25,24.5,-0.75,MEDIUM,LOW,True,attack_confidence | severity | asset_importance,attack_confidence | severity | business_impact,True,business_continuity_focus
INC-0049,Port Scan Event,108,107,1,22.48,23.4,0.92,LOW,LOW,False,attack_confidence | asset_importance | business_impact,attack_confidence | business_impact | asset_importance,True,business_continuity_focus
INC-0034,Malware Infection,107,108,-1,23.9,23.15,-0.75,LOW,LOW,False,attack_confidence | severity | asset_importance,attack_confidence | severity | business_impact,True,business_continuity_focus
INC-0004,Port Scan Event,110,109,1,22.06,22.77,0.71,LOW,LOW,False,attack_confidence | asset_importance | business_impact,attack_confidence | business_impact | asset_importance,True,business_continuity_focus
INC-0082,Suspicious Email Event,109,110,-1,22.4,22.41,0.01,LOW,LOW,False,attack_confidence | severity | asset_importance,attack_confidence | business_impact | asset_importance,True,business_continuity_focus
INC-0014,Port Scan Event,111,111,0,21.55,21.35,-0.2,LOW,LOW,False,attack_confidence | severity | asset_importance,attack_confidence | business_impact | severity,True,business_continuity_focus
INC-0021,Multi-stage Attack,1,1,0,90.2,90.4,0.2,CRITICAL,CRITICAL,False,business_impact | asset_importance | severity,attack_confidence | business_impact | asset_importance,True,high_confidence_focus
INC-0001,Data Exfiltration,2,2,0,89.5,89.88,0.38,CRITICAL,CRITICAL,False,severity | business_impact | asset_importance,attack_confidence | data_sensitivity | severity,True,high_confidence_focus
INC-0028,Data Exfiltration,3,3,0,86.55,87.48,0.93,CRITICAL,CRITICAL,False,severity | business_impact | asset_importance,attack_confidence | severity | data_sensitivity,True,high_confidence_focus
INC-0058,Multi-stage Attack,4,4,0,85.95,87.03,1.08,CRITICAL,CRITICAL,False,severity | business_impact | asset_importance,attack_confidence | data_sensitivity | severity,True,high_confidence_focus
INC-0033,Ransomware Outbreak,5,5,0,79.45,81.78,2.33,CRITICAL,CRITICAL,False,severity | business_impact | asset_importance,attack_confidence | severity | data_sensitivity,True,high_confidence_focus
INC-0012,Multi-stage Attack,7,6,1,78.84,81.47,2.63,CRITICAL,CRITICAL,False,severity | business_impact | asset_importance,attack_confidence | severity | data_sensitivity,True,high_confidence_focus
INC-0066,Data Exfiltration,6,7,-1,78.85,81.33,2.48,CRITICAL,CRITICAL,False,severity | business_impact | asset_importance,attack_confidence | severity | data_sensitivity,True,high_confidence_focus
INC-0045,DDoS Attack,8,8,0,78.34,80.34,2.0,CRITICAL,CRITICAL,False,asset_importance | severity | business_impact,attack_confidence | asset_importance | severity,True,high_confidence_focus
INC-0042,Malware Infection,9,9,0,76.0,77.5,1.5,CRITICAL,CRITICAL,False,business_impact | asset_importance | data_sensitivity,attack_confidence | business_impact | asset_importance,True,high_confidence_focus
INC-0026,Malware Infection,11,10,1,74.3,76.98,2.68,HIGH,CRITICAL,True,business_impact | asset_importance | data_sensitivity,attack_confidence | data_sensitivity | business_impact,True,high_confidence_focus
INC-0073,Successful Login Event,12,11,1,72.6,76.83,4.23,HIGH,CRITICAL,True,business_impact | asset_importance | data_sensitivity,attack_confidence | data_sensitivity | business_impact,True,high_confidence_focus
INC-0098,Malware Infection,15,12,3,71.35,73.83,2.48,HIGH,HIGH,False,business_impact | asset_importance | data_sensitivity,attack_confidence | data_sensitivity | business_impact,True,high_confidence_focus
INC-0008,Unauthorized Access Event,10,13,-3,74.35,71.95,-2.4,HIGH,HIGH,False,business_impact | asset_importance | data_sensitivity,attack_confidence | business_impact | asset_importance,True,high_confidence_focus
INC-0031,Failed Login Event,13,14,-1,72.3,70.6,-1.7,HIGH,HIGH,False,business_impact | asset_importance | data_sensitivity,attack_confidence | business_impact | asset_importance,True,high_confidence_focus
INC-0017,Suspicious DNS Event,14,15,-1,72.05,69.85,-2.2,HIGH,HIGH,False,business_impact | asset_importance | data_sensitivity,attack_confidence | business_impact | asset_importance,True,high_confidence_focus
INC-0050,Malware Infection,22,16,6,65.25,69.25,4.0,HIGH,HIGH,False,asset_importance | business_impact | attack_confidence,attack_confidence | asset_importance | business_impact,True,high_confidence_focus
INC-0054,Suspicious Email Event,16,17,-1,71.25,69.25,-2.0,HIGH,HIGH,False,business_impact | asset_importance | data_sensitivity,attack_confidence | business_impact | asset_importance,True,high_confidence_focus
INC-0096,Malware Infection,17,18,-1,70.15,68.8,-1.35,HIGH,HIGH,False,asset_importance | business_impact | data_sensitivity,attack_confidence | asset_importance | business_impact,True,high_confidence_focus
INC-0002,Suspicious DNS Event,20,19,1,67.65,68.05,0.4,HIGH,HIGH,False,asset_importance | business_impact | data_sensitivity,attack_confidence | asset_importance | business_impact,True,high_confidence_focus
INC-0107,Suspicious Email Event,19,20,-1,68.1,66.7,-1.4,HIGH,HIGH,False,asset_importance | business_impact | data_sensitivity,attack_confidence | asset_importance | business_impact,True,high_confidence_focus
INC-0011,Suspicious DNS Event,25,21,4,64.35,65.2,0.85,HIGH,HIGH,False,asset_importance | business_impact | data_sensitivity,attack_confidence | asset_importance | business_impact,True,high_confidence_focus
INC-0059,Command and Control Event,18,22,-4,68.7,64.9,-3.8,HIGH,HIGH,False,asset_importance | business_impact | data_sensitivity,attack_confidence | asset_importance | business_impact,True,high_confidence_focus
INC-0036,Successful Login Event,42,23,19,59.75,64.75,5.0,HIGH,HIGH,False,asset_importance | business_impact | attack_confidence,attack_confidence | asset_importance | business_impact,True,high_confidence_focus
INC-0047,Malware Infection,21,24,-3,66.9,64.68,-2.22,HIGH,HIGH,False,business_impact | asset_importance | data_sensitivity,attack_confidence | data_sensitivity | business_impact,True,high_confidence_focus
INC-0087,Malware Infection,27,25,2,63.15,63.55,0.4,HIGH,HIGH,False,asset_importance | business_impact | data_sensitivity,attack_confidence | asset_importance | business_impact,True,high_confidence_focus
INC-0099,Port Scan Event,23,26,-3,64.8,63.1,-1.7,HIGH,HIGH,False,asset_importance | business_impact | data_sensitivity,attack_confidence | asset_importance | business_impact,True,high_confidence_focus
INC-0093,Suspicious Email Event,29,27,2,61.95,62.65,0.7,HIGH,HIGH,False,asset_importance | business_impact | data_sensitivity,attack_confidence | asset_importance | business_impact,True,high_confidence_focus
INC-0056,Failed Login Event,38,28,10,60.5,62.5,2.0,HIGH,HIGH,False,asset_importance | business_impact | data_sensitivity,attack_confidence | asset_importance | business_impact,True,high_confidence_focus
INC-0035,Failed Login Event,37,29,8,60.6,62.2,1.6,HIGH,HIGH,False,asset_importance | business_impact | attack_confidence,attack_confidence | asset_importance | business_impact,True,high_confidence_focus
INC-0037,Unauthorized Access Event,26,30,-4,63.89,62.19,-1.7,HIGH,HIGH,False,asset_importance | business_impact | data_sensitivity,attack_confidence | asset_importance | business_impact,True,high_confidence_focus
INC-0007,Failed Login Event,43,31,12,59.6,61.45,1.85,HIGH,HIGH,False,asset_importance | business_impact | attack_confidence,attack_confidence | asset_importance | business_impact,True,high_confidence_focus
INC-0095,Suspicious Email Event,30,32,-2,61.45,61.15,-0.3,HIGH,HIGH,False,asset_importance | business_impact | data_sensitivity,attack_confidence | asset_importance | business_impact,True,high_confidence_focus
INC-0015,Unauthorized Access Event,31,33,-2,61.4,60.55,-0.85,HIGH,HIGH,False,asset_importance | business_impact | attack_confidence,attack_confidence | asset_importance | business_impact,True,high_confidence_focus
INC-0110,Port Scan Event,24,34,-10,64.7,60.4,-4.3,HIGH,HIGH,False,asset_importance | business_impact | data_sensitivity,asset_importance | business_impact | data_sensitivity,False,high_confidence_focus
INC-0074,Unauthorized Access Event,33,35,-2,61.05,60.1,-0.95,HIGH,HIGH,False,asset_importance | business_impact | data_sensitivity,attack_confidence | asset_importance | business_impact,True,high_confidence_focus
INC-0069,Port Scan Event,28,36,-8,62.0,59.5,-2.5,HIGH,HIGH,False,asset_importance | business_impact | data_sensitivity,attack_confidence | asset_importance | business_impact,True,high_confidence_focus
INC-0081,Unauthorized Access Event,32,37,-5,61.4,59.05,-2.35,HIGH,HIGH,False,asset_importance | business_impact | data_sensitivity,attack_confidence | asset_importance | business_impact,True,high_confidence_focus
INC-0077,Command and Control Event,39,38,1,60.2,58.9,-1.3,HIGH,HIGH,False,asset_importance | business_impact | data_sensitivity,attack_confidence | asset_importance | business_impact,True,high_confidence_focus
INC-0032,Suspicious DNS Event,34,39,-5,60.75,58.75,-2.0,HIGH,HIGH,False,asset_importance | business_impact | data_sensitivity,attack_confidence | asset_importance | business_impact,True,high_confidence_focus
INC-0009,Unauthorized Access Event,35,40,-5,60.65,58.68,-1.97,HIGH,HIGH,False,business_impact | asset_importance | data_sensitivity,attack_confidence | data_sensitivity | business_impact,True,high_confidence_focus
INC-0109,Suspicious DNS Event,36,41,-5,60.65,58.68,-1.97,HIGH,HIGH,False,business_impact | asset_importance | data_sensitivity,attack_confidence | data_sensitivity | business_impact,True,high_confidence_focus
INC-0106,Failed Login Event,45,42,3,56.85,58.45,1.6,HIGH,HIGH,False,asset_importance | business_impact | data_sensitivity,attack_confidence | asset_importance | business_impact,True,high_confidence_focus
INC-0085,Malware Infection,48,43,5,52.9,58.3,5.4,HIGH,HIGH,False,attack_confidence | business_impact | asset_importance,attack_confidence | business_impact | asset_importance,False,high_confidence_focus
INC-0022,Command and Control Event,40,44,-4,59.95,57.4,-2.55,HIGH,HIGH,False,asset_importance | business_impact | data_sensitivity,attack_confidence | asset_importance | business_impact,True,high_confidence_focus
INC-0088,Malware Infection,44,45,-1,59.2,57.4,-1.8,HIGH,HIGH,False,asset_importance | business_impact | attack_confidence,attack_confidence | asset_importance | business_impact,True,high_confidence_focus
INC-0063,Command and Control Event,41,46,-5,59.95,55.9,-4.05,HIGH,HIGH,False,asset_importance | business_impact | data_sensitivity,asset_importance | attack_confidence | business_impact,True,high_confidence_focus
INC-0108,Suspicious Email Event,47,47,0,55.35,53.95,-1.4,HIGH,HIGH,False,asset_importance | business_impact | data_sensitivity,attack_confidence | asset_importance | business_impact,True,high_confidence_focus
INC-0013,Unauthorized Access Event,46,48,-2,56.4,53.8,-2.6,HIGH,HIGH,False,asset_importance | business_impact | data_sensitivity,attack_confidence | asset_importance | business_impact,True,high_confidence_focus
INC-0091,Successful Login Event,57,49,8,42.6,51.7,9.1,MEDIUM,HIGH,True,attack_confidence | business_impact | asset_importance,attack_confidence | data_sensitivity | business_impact,True,high_confidence_focus
INC-0101,Malware Infection,51,50,1,46.9,51.55,4.65,MEDIUM,HIGH,True,attack_confidence | business_impact | asset_importance,attack_confidence | data_sensitivity | business_impact,True,high_confidence_focus
INC-0103,Failed Login Event,50,51,-1,47.15,50.05,2.9,MEDIUM,HIGH,True,business_impact | asset_importance | attack_confidence,attack_confidence | business_impact | asset_importance,True,high_confidence_focus
INC-0039,Suspicious DNS Event,49,52,-3,48.75,49.75,1.0,MEDIUM,MEDIUM,False,business_impact | asset_importance | data_sensitivity,attack_confidence | business_impact | asset_importance,True,high_confidence_focus
INC-0105,Malware Infection,59,53,6,42.35,49.45,7.1,MEDIUM,MEDIUM,False,attack_confidence | asset_importance | business_impact,attack_confidence | asset_importance | business_impact,False,high_confidence_focus
INC-0065,Malware Infection,55,54,1,44.05,48.48,4.43,MEDIUM,MEDIUM,False,attack_confidence | asset_importance | business_impact,attack_confidence | asset_importance | business_impact,False,high_confidence_focus
INC-0070,Unauthorized Access Event,52,55,-3,45.9,48.18,2.28,MEDIUM,MEDIUM,False,asset_importance | business_impact | attack_confidence,attack_confidence | asset_importance | business_impact,True,high_confidence_focus
INC-0090,Unauthorized Access Event,53,56,-3,45.9,47.8,1.9,MEDIUM,MEDIUM,False,business_impact | asset_importance | attack_confidence,attack_confidence | data_sensitivity | business_impact,True,high_confidence_focus
INC-0111,Malware Infection,62,57,5,37.68,47.62,9.94,MEDIUM,MEDIUM,False,attack_confidence | severity | business_impact,attack_confidence | severity | data_sensitivity,True,high_confidence_focus
INC-0072,Suspicious DNS Event,56,58,-2,43.65,47.05,3.4,MEDIUM,MEDIUM,False,attack_confidence | business_impact | asset_importance,attack_confidence | data_sensitivity | business_impact,True,high_confidence_focus
INC-0053,Suspicious Email Event,58,59,-1,42.4,47.05,4.65,MEDIUM,MEDIUM,False,attack_confidence | business_impact | asset_importance,attack_confidence | data_sensitivity | business_impact,True,high_confidence_focus
INC-0094,Unauthorized Access Event,54,60,-6,44.2,46.9,2.7,MEDIUM,MEDIUM,False,attack_confidence | business_impact | asset_importance,attack_confidence | data_sensitivity | business_impact,True,high_confidence_focus
INC-0075,Port Scan Event,60,61,-1,41.2,45.4,4.2,MEDIUM,MEDIUM,False,attack_confidence | business_impact | asset_importance,attack_confidence | data_sensitivity | business_impact,True,high_confidence_focus
INC-0100,Malware Infection,64,62,2,34.81,43.42,8.61,MEDIUM,MEDIUM,False,attack_confidence | asset_importance | severity,attack_confidence | asset_importance | severity,False,high_confidence_focus
INC-0020,Successful Login Event,67,63,4,32.31,43.42,11.11,MEDIUM,MEDIUM,False,attack_confidence | asset_importance | business_impact,attack_confidence | asset_importance | business_impact,False,high_confidence_focus
INC-0005,Successful Login Event,71,64,7,31.28,42.87,11.59,MEDIUM,MEDIUM,False,attack_confidence | asset_importance | business_impact,attack_confidence | asset_importance | business_impact,False,high_confidence_focus
INC-0062,Suspicious DNS Event,63,65,-2,37.35,42.7,5.35,MEDIUM,MEDIUM,False,attack_confidence | asset_importance | business_impact,attack_confidence | asset_importance | business_impact,False,high_confidence_focus
INC-0030,Malware Infection,68,66,2,31.8,41.35,9.55,MEDIUM,MEDIUM,False,attack_confidence | severity | asset_importance,attack_confidence | severity | asset_importance,False,high_confidence_focus
INC-0097,Suspicious Email Event,61,67,-6,38.6,41.2,2.6,MEDIUM,MEDIUM,False,business_impact | asset_importance | attack_confidence,attack_confidence | data_sensitivity | business_impact,True,high_confidence_focus
INC-0086,Successful Login Event,81,68,13,29.68,41.19,11.51,MEDIUM,MEDIUM,False,attack_confidence | asset_importance | business_impact,attack_confidence | asset_importance | business_impact,False,high_confidence_focus
INC-0041,Successful Login Event,74,69,5,30.31,41.17,10.86,MEDIUM,MEDIUM,False,attack_confidence | asset_importance | business_impact,attack_confidence | asset_importance | business_impact,False,high_confidence_focus
INC-0044,Successful Login Event,83,70,13,29.5,40.68,11.18,MEDIUM,MEDIUM,False,attack_confidence | asset_importance | business_impact,attack_confidence | asset_importance | business_impact,False,high_confidence_focus
INC-0079,Malware Infection,69,71,-2,31.36,40.42,9.06,MEDIUM,MEDIUM,False,attack_confidence | severity | asset_importance,attack_confidence | severity | asset_importance,False,high_confidence_focus
INC-0025,Malware Infection,77,72,5,29.95,40.15,10.2,MEDIUM,MEDIUM,False,attack_confidence | severity | asset_importance,attack_confidence | severity | asset_importance,False,high_confidence_focus
INC-0018,Failed Login Event,66,73,-7,32.65,39.93,7.28,MEDIUM,MEDIUM,False,attack_confidence | severity | business_impact,attack_confidence | data_sensitivity | severity,True,high_confidence_focus
INC-0080,Port Scan Event,65,74,-9,33.95,39.4,5.45,MEDIUM,MEDIUM,False,attack_confidence | asset_importance | business_impact,attack_confidence | asset_importance | business_impact,False,high_confidence_focus
INC-0040,Malware Infection,70,75,-5,31.32,38.67,7.35,MEDIUM,MEDIUM,False,attack_confidence | severity | business_impact,attack_confidence | severity | data_sensitivity,True,high_confidence_focus
INC-0038,Suspicious DNS Event,73,76,-3,31.12,38.14,7.02,MEDIUM,MEDIUM,False,attack_confidence | severity | asset_importance,attack_confidence | severity | asset_importance,False,high_confidence_focus
INC-0043,Successful Login Event,96,77,19,26.6,37.75,11.15,MEDIUM,MEDIUM,False,attack_confidence | asset_importance | business_impact,attack_confidence | asset_importance | business_impact,False,high_confidence_focus
INC-0048,Failed Login Event,89,78,11,27.88,36.84,8.96,MEDIUM,MEDIUM,False,attack_confidence | asset_importance | business_impact,attack_confidence | asset_importance | business_impact,False,high_confidence_focus
INC-0061,Malware Infection,80,79,1,29.72,36.72,7.0,MEDIUM,MEDIUM,False,attack_confidence | severity | business_impact,attack_confidence | severity | data_sensitivity,True,high_confidence_focus
INC-0068,Suspicious Email Event,79,80,-1,29.86,35.77,5.91,MEDIUM,MEDIUM,False,attack_confidence | asset_importance | business_impact,attack_confidence | asset_importance | business_impact,False,high_confidence_focus
INC-0078,Failed Login Event,78,81,-3,29.9,35.73,5.83,MEDIUM,MEDIUM,False,attack_confidence | severity | asset_importance,attack_confidence | severity | asset_importance,False,high_confidence_focus
INC-0046,Malware Infection,85,82,3,28.85,35.2,6.35,MEDIUM,MEDIUM,False,attack_confidence | severity | asset_importance,attack_confidence | severity | asset_importance,False,high_confidence_focus
INC-0016,Malware Infection,72,83,-11,31.15,35.13,3.98,MEDIUM,MEDIUM,False,attack_confidence | severity | asset_importance,attack_confidence | severity | asset_importance,False,high_confidence_focus
INC-0027,Malware Infection,82,84,-2,29.65,34.98,5.33,MEDIUM,MEDIUM,False,attack_confidence | severity | asset_importance,attack_confidence | severity | asset_importance,False,high_confidence_focus
INC-0104,Suspicious Email Event,87,85,2,28.32,34.54,6.22,MEDIUM,MEDIUM,False,attack_confidence | asset_importance | severity,attack_confidence | asset_importance | severity,False,high_confidence_focus
INC-0083,Suspicious DNS Event,84,86,-2,29.05,34.53,5.48,MEDIUM,MEDIUM,False,attack_confidence | severity | asset_importance,attack_confidence | severity | asset_importance,False,high_confidence_focus
INC-0071,Malware Infection,91,87,4,27.77,33.94,6.17,MEDIUM,MEDIUM,False,attack_confidence | asset_importance | business_impact,attack_confidence | asset_importance | business_impact,False,high_confidence_focus
INC-0084,Port Scan Event,93,88,5,26.77,33.94,7.17,MEDIUM,MEDIUM,False,attack_confidence | asset_importance | business_impact,attack_confidence | asset_importance | business_impact,False,high_confidence_focus
INC-0092,Unauthorized Access Event,88,89,-1,28.22,33.87,5.65,MEDIUM,MEDIUM,False,attack_confidence | severity | asset_importance,attack_confidence | severity | asset_importance,False,high_confidence_focus
INC-0064,Command and Control Event,76,90,-14,30.02,33.57,3.55,MEDIUM,MEDIUM,False,severity | attack_confidence | business_impact,attack_confidence | severity | data_sensitivity,True,high_confidence_focus
INC-0067,Command and Control Event,75,91,-16,30.15,32.88,2.73,MEDIUM,MEDIUM,False,severity | attack_confidence | asset_importance,attack_confidence | severity | asset_importance,True,high_confidence_focus
INC-0055,Suspicious Email Event,94,92,2,26.68,32.67,5.99,MEDIUM,MEDIUM,False,attack_confidence | asset_importance | business_impact,attack_confidence | asset_importance | business_impact,False,high_confidence_focus
INC-0089,Suspicious Email Event,105,93,12,25.25,32.5,7.25,MEDIUM,MEDIUM,False,attack_confidence | severity | asset_importance,attack_confidence | severity | asset_importance,False,high_confidence_focus
INC-0076,Command and Control Event,90,94,-4,27.81,32.32,4.51,MEDIUM,MEDIUM,False,attack_confidence | severity | asset_importance,attack_confidence | severity | asset_importance,False,high_confidence_focus
INC-0029,Port Scan Event,99,95,4,26.02,32.22,6.2,MEDIUM,MEDIUM,False,attack_confidence | asset_importance | business_impact,attack_confidence | asset_importance | business_impact,False,high_confidence_focus
INC-0006,Malware Infection,97,96,1,26.25,32.13,5.88,MEDIUM,MEDIUM,False,attack_confidence | severity | asset_importance,attack_confidence | severity | asset_importance,False,high_confidence_focus
INC-0024,Command and Control Event,86,97,-11,28.34,32.08,3.74,MEDIUM,MEDIUM,False,attack_confidence | severity | asset_importance,attack_confidence | severity | asset_importance,False,high_confidence_focus
INC-0023,Malware Infection,98,98,0,26.07,32.07,6.0,MEDIUM,MEDIUM,False,attack_confidence | asset_importance | severity,attack_confidence | asset_importance | severity,False,high_confidence_focus
INC-0019,Suspicious Email Event,95,99,-4,26.67,31.99,5.32,MEDIUM,MEDIUM,False,attack_confidence | asset_importance | business_impact,attack_confidence | asset_importance | business_impact,False,high_confidence_focus
INC-0051,Suspicious Email Event,92,100,-8,27.12,31.77,4.65,MEDIUM,MEDIUM,False,attack_confidence | severity | business_impact,attack_confidence | severity | data_sensitivity,True,high_confidence_focus
INC-0060,Unauthorized Access Event,100,101,-1,25.8,30.85,5.05,MEDIUM,MEDIUM,False,attack_confidence | severity | asset_importance,attack_confidence | severity | asset_importance,False,high_confidence_focus
INC-0003,Port Scan Event,102,102,0,25.68,30.69,5.01,MEDIUM,MEDIUM,False,attack_confidence | severity | asset_importance,attack_confidence | severity | asset_importance,False,high_confidence_focus
INC-0057,Malware Infection,103,103,0,25.51,30.22,4.71,MEDIUM,MEDIUM,False,attack_confidence | severity | asset_importance,attack_confidence | severity | asset_importance,False,high_confidence_focus
INC-0034,Malware Infection,107,104,3,23.9,29.8,5.9,LOW,MEDIUM,True,attack_confidence | severity | asset_importance,attack_confidence | severity | asset_importance,False,high_confidence_focus
INC-0102,Command and Control Event,101,105,-4,25.7,29.65,3.95,MEDIUM,MEDIUM,False,attack_confidence | severity | asset_importance,attack_confidence | severity | asset_importance,False,high_confidence_focus
INC-0082,Suspicious Email Event,109,106,3,22.4,29.43,7.03,LOW,MEDIUM,True,attack_confidence | severity | asset_importance,attack_confidence | severity | asset_importance,False,high_confidence_focus
INC-0010,Suspicious Email Event,106,107,-1,24.37,28.77,4.4,LOW,MEDIUM,True,attack_confidence | business_impact | asset_importance,attack_confidence | data_sensitivity | business_impact,True,high_confidence_focus
INC-0014,Port Scan Event,111,108,3,21.55,27.85,6.3,LOW,MEDIUM,True,attack_confidence | severity | asset_importance,attack_confidence | severity | asset_importance,False,high_confidence_focus
INC-0049,Port Scan Event,108,109,-1,22.48,27.54,5.06,LOW,MEDIUM,True,attack_confidence | asset_importance | business_impact,attack_confidence | asset_importance | business_impact,False,high_confidence_focus
INC-0052,Port Scan Event,104,110,-6,25.36,27.52,2.16,MEDIUM,MEDIUM,False,asset_importance | attack_confidence | business_impact,attack_confidence | asset_importance | business_impact,True,high_confidence_focus
INC-0004,Port Scan Event,110,111,-1,22.06,27.07,5.01,LOW,MEDIUM,True,attack_confidence | asset_importance | business_impact,attack_confidence | asset_importance | business_impact,False,high_confidence_focus
